0.00;0.90;0.84;0.01;33
0.00;0.93;0.79;0.01;89
0.00;0.90;0.77;0.01;132
0.00;0.88;0.74;0.03;176
0.00;0.87;0.77;0.01;219
0.00;0.91;0.79;0.00;262
0.00;0.92;0.77;0.01;305
0.00;0.93;0.75;0.03;349
0.00;0.91;0.77;0.12;392
0.00;0.93;0.72;0.03;435
0.00;0.91;0.75;0.01;479
0.00;0.91;0.77;0.00;522
0.00;0.91;0.75;0.02;565
0.00;0.91;0.75;0.02;608
0.00;0.90;0.75;0.01;652
0.00;0.88;0.74;0.02;695
0.00;0.91;0.74;0.01;738
0.00;0.89;0.75;0.03;782
0.00;0.90;0.77;0.03;826
0.00;0.92;0.79;-0.00;869
0.00;0.92;0.74;0.00;913
0.00;0.91;0.72;0.00;958
0.00;0.89;0.75;-0.00;1001
0.00;0.92;0.70;0.03;1045
0.00;0.91;0.72;0.01;1088
0.00;0.92;0.72;0.02;1132
0.00;0.90;0.72;0.05;1175
0.00;0.90;0.77;-0.00;1218
0.00;0.91;0.75;0.01;1262
0.00;0.89;0.75;-0.00;1305
0.00;0.91;0.74;-0.01;1349
0.00;0.90;0.70;-0.01;1392
0.00;0.90;0.69;-0.01;1436
0.00;0.91;0.67;0.01;1479
0.00;0.89;0.72;0.01;1522
0.00;0.91;0.72;0.00;1566
0.00;0.90;0.69;0.01;1609
0.00;0.91;0.70;0.02;1653
0.00;0.90;0.72;0.03;1696
0.00;0.91;0.74;0.01;1740
0.00;0.90;0.74;-0.00;1790
0.00;0.89;0.74;0.02;1836
0.00;0.89;0.74;0.01;1879
0.00;0.90;0.75;0.02;1923
0.00;0.92;0.72;0.01;1966
0.00;0.93;0.72;0.01;2009
0.00;0.89;0.77;0.02;2052
0.00;0.91;0.77;0.00;2096
0.00;0.91;0.79;0.01;2139
0.00;0.92;0.77;0.00;2182
0.00;0.91;0.77;0.02;2227
0.00;0.90;0.77;0.03;2270
0.00;0.91;0.75;0.02;2313
0.00;0.92;0.75;0.01;2357
0.00;0.90;0.79;-0.00;2400
0.00;0.90;0.77;0.02;2444
0.00;0.91;0.77;-0.00;2487
0.00;0.92;0.74;0.03;2530
0.00;0.89;0.75;0.02;2574
0.00;0.90;0.74;0.02;2618
0.00;0.91;0.75;0.02;2664
0.00;0.91;0.77;0.02;2707
0.00;0.92;0.77;0.02;2750
0.00;0.91;0.77;0.02;2794
0.00;0.89;0.79;0.00;2837
0.00;0.87;0.80;0.01;2880
0.00;0.89;0.77;0.01;2924
0.00;0.91;0.70;-0.00;2967
0.00;0.93;0.67;0.01;3011
0.00;0.90;0.67;0.07;3054
0.00;0.88;0.72;0.07;3097
0.00;0.90;0.75;0.01;3141
0.00;0.95;0.74;-0.01;3184
0.00;0.96;0.72;0.01;3228
0.00;0.92;0.72;0.04;3271
0.00;0.91;0.74;0.01;3314
0.00;0.91;0.74;0.00;3358
0.00;0.91;0.70;0.01;3401
0.00;0.90;0.72;-0.01;3445
0.00;0.90;0.72;0.04;3488
0.00;0.90;0.75;0.04;3534
0.00;0.90;0.77;0.05;3577
0.00;0.88;0.75;0.07;3621
0.00;0.90;0.75;0.02;3664
0.00;0.89;0.74;0.05;3708
0.00;0.88;0.75;0.04;3751
0.00;0.93;0.75;0.03;3794
0.00;0.93;0.74;0.05;3838
0.00;0.91;0.75;0.04;3881
0.00;0.90;0.75;0.05;3925
0.00;0.89;0.79;0.04;3968
0.00;0.91;0.79;0.07;4012
0.00;0.89;0.79;0.03;4055
0.00;0.91;0.79;0.05;4099
0.00;0.90;0.80;0.02;4142
0.00;0.90;0.80;0.03;4186
0.00;0.90;0.82;0.03;4229
0.00;0.90;0.82;0.04;4272
0.00;0.91;0.80;0.02;4316
0.00;0.90;0.79;0.03;4362
0.00;0.92;0.79;0.02;4405
0.00;0.91;0.77;0.05;4449
0.00;0.90;0.79;0.07;4492
0.00;0.91;0.79;0.05;4536
0.00;0.90;0.84;0.01;4579
0.00;0.92;0.82;0.02;4624
0.00;0.91;0.82;0.03;4667
0.00;0.89;0.79;0.04;4711
0.00;0.88;0.80;0.06;4754
0.00;0.84;0.79;0.05;4798
0.00;0.89;0.80;-0.00;4841
0.00;0.90;0.79;0.01;4885
0.00;0.86;0.82;0.05;4928
0.00;0.88;0.79;0.04;4972
0.00;0.90;0.77;0.05;5015
0.00;0.87;0.79;0.06;5059
0.00;0.90;0.74;0.03;5102
0.00;0.87;0.74;0.04;5146
0.00;0.83;0.77;0.05;5189
0.00;0.86;0.77;0.04;5235
0.00;0.86;0.77;0.07;5279
0.00;0.87;0.77;0.05;5322
0.00;0.88;0.75;0.06;5366
0.00;0.88;0.77;0.04;5409
0.00;0.86;0.77;0.06;5453
0.00;0.85;0.80;0.05;5497
0.00;0.89;0.75;0.06;5540
0.00;0.88;0.77;0.06;5584
0.00;0.85;0.77;0.03;5627
0.00;0.87;0.74;0.08;5671
0.00;0.84;0.74;0.06;5714
0.00;0.83;0.75;0.07;5758
0.00;0.88;0.74;0.08;5802
0.00;0.83;0.77;0.07;5845
0.00;0.82;0.79;0.07;5889
0.00;0.82;0.77;0.08;5932
0.00;0.85;0.75;0.05;5976
0.00;0.86;0.72;0.06;6020
0.00;0.84;0.77;0.07;6063
0.00;0.85;0.75;0.07;6109
0.00;0.84;0.79;0.01;6153
0.00;0.85;0.72;0.11;6196
0.00;0.85;0.75;0.07;6240
0.00;0.87;1.51;0.13;6284
0.00;0.82;0.65;0.03;6327
0.00;0.81;0.65;0.11;6371
0.00;0.87;0.84;0.00;6416
0.00;0.82;0.70;0.06;6459
0.00;0.85;0.80;-0.03;6503
0.00;0.85;0.70;0.05;6546
0.00;0.85;0.77;0.09;6590
0.00;0.90;0.59;-0.03;6634
0.00;0.82;0.79;0.03;6677
0.00;0.87;0.74;0.02;6721
0.00;0.90;0.75;-0.03;6765
0.00;0.84;0.84;0.00;6808
0.00;0.90;0.72;-0.07;6852
0.00;0.88;0.80;0.03;6896
0.00;0.89;0.84;-0.01;6942
0.00;0.89;0.85;-0.01;6986
0.00;0.88;0.77;0.03;7029
0.00;0.89;0.70;-0.00;7073
0.00;0.89;0.84;0.01;7117
0.00;0.86;0.67;0.02;7160
0.00;0.93;0.72;-0.03;7204
0.00;0.88;0.84;0.02;7248
0.00;0.93;0.75;-0.06;7291
0.00;0.91;0.70;0.00;7341
0.00;0.91;0.90;-0.01;7384
0.00;0.99;0.80;0.05;7427
0.00;0.80;0.46;-0.17;7471
0.00;0.87;0.80;-0.05;7514
0.00;0.93;0.90;-0.01;7557
0.00;0.89;0.85;-0.00;7601
0.00;0.94;0.84;-0.00;7644
0.00;0.86;0.90;-0.06;7687
0.00;0.93;0.87;0.07;7731
0.00;0.90;0.85;0.04;7774
0.00;0.87;0.93;-0.00;7815
0.00;0.91;0.90;0.02;7859
0.00;0.88;0.87;-0.01;7902
0.00;0.93;0.84;0.00;7945
0.00;0.91;0.85;0.01;7989
0.00;0.87;0.82;-0.00;8032
0.00;0.93;0.82;0.01;8075
0.00;0.93;0.84;0.00;8119
0.00;0.90;0.80;0.02;8162
0.00;0.90;0.84;-0.01;8206
0.00;0.90;0.79;0.01;8250
0.00;0.90;0.79;0.01;8293
0.00;0.91;0.85;-0.04;8337
0.00;0.92;0.82;-0.00;8380
0.00;0.93;0.79;0.03;8423
0.00;0.91;0.87;-0.03;8467
0.00;0.90;0.82;0.02;8510
0.00;0.90;0.77;0.04;8554
0.00;0.91;0.85;-0.01;8597
0.00;0.92;0.77;0.06;8643
0.00;0.89;0.79;0.05;8686
0.00;0.89;0.87;-0.01;8730
0.00;0.92;0.80;0.06;8773
0.00;0.88;0.87;-0.01;8816
0.00;0.88;0.87;0.02;8860
0.00;0.92;0.82;0.03;8903
0.00;0.89;0.77;-0.01;8947
0.00;0.91;0.87;0.00;8990
0.00;0.91;0.84;0.02;9034
0.00;0.90;0.85;0.00;9077
0.00;0.91;0.87;-0.03;9120
0.00;0.93;0.84;0.01;9164
0.00;0.91;0.87;-0.00;9207
0.00;0.93;0.85;0.04;9251
0.00;0.93;0.84;0.03;9294
0.00;0.88;0.87;-0.06;9338
0.00;0.89;0.82;0.04;9381
0.00;0.89;0.84;0.03;9425
0.00;0.92;0.87;-0.00;9470
0.00;0.91;0.84;0.02;9514
0.00;0.89;0.84;0.03;9557
0.00;0.90;0.85;0.00;9601
0.00;0.90;0.85;0.01;9644
0.00;0.91;0.85;0.00;9688
0.00;0.92;0.85;0.01;9731
0.00;0.93;0.84;0.04;9775
0.00;0.91;0.84;0.03;9818
0.00;0.89;0.90;-0.05;9862
0.00;0.89;0.84;0.04;9905
0.00;0.87;0.90;-0.03;9949
0.00;0.92;0.87;0.02;9992
0.00;0.92;0.87;-0.01;10036
0.00;0.90;0.88;-0.03;10079
0.00;0.91;0.85;0.01;10123
0.00;0.90;0.85;-0.00;10166
0.00;0.91;0.85;-0.03;10210
0.00;0.90;0.87;-0.03;10254
0.00;0.92;0.84;0.00;10298
0.00;0.93;0.85;0.00;10339
0.00;0.90;0.87;-0.01;10382
0.00;0.92;0.84;-0.00;10427
0.00;0.91;0.84;-0.03;10471
0.00;0.89;0.84;0.00;10514
0.00;0.90;0.85;-0.00;10558
0.00;0.93;0.85;-0.03;10601
0.00;0.93;0.84;-0.01;10645
0.00;0.90;0.85;0.00;10689
0.00;0.90;0.87;-0.00;10732
0.00;0.91;0.87;-0.01;10776
0.00;0.91;0.87;-0.01;10820
0.00;0.91;0.85;-0.00;10863
0.00;0.91;0.84;0.01;10907
0.00;0.89;0.85;-0.00;10951
0.00;0.88;0.84;-0.00;10994
0.00;0.92;0.85;0.00;11038
0.00;0.89;0.87;-0.03;11082
0.00;0.91;0.90;-0.01;11128
0.00;0.93;0.87;-0.00;11171
0.00;0.84;0.93;-0.05;11215
0.00;0.89;0.88;-0.01;11259
0.00;0.90;0.85;-0.03;11302
0.00;0.91;0.90;-0.07;11346
0.00;0.95;0.79;0.05;11390
0.00;0.94;0.85;-0.04;11434
0.00;0.93;0.88;-0.08;11477
0.00;0.88;0.84;-0.04;11521
0.00;0.93;0.87;-0.04;11565
0.00;0.88;0.79;-0.00;11608
0.00;0.91;0.80;-0.01;11652
0.00;0.93;0.75;-0.00;11696
0.00;0.87;0.75;-0.04;11740
0.00;0.93;0.79;0.05;11783
0.00;0.86;0.77;0.00;11827
0.00;0.96;0.75;0.05;11871
0.00;0.89;0.75;0.06;11917
0.00;0.88;0.72;-0.00;11962
0.00;0.92;0.72;-0.00;12006
0.00;0.91;0.77;0.01;12049
0.00;0.93;0.75;0.02;12093
0.00;0.90;0.72;0.02;12137
0.00;0.93;0.74;0.00;12180
0.00;0.88;0.74;0.01;12224
0.00;0.90;0.77;0.03;12268
0.00;0.86;0.70;0.02;12312
0.00;0.88;0.74;0.03;12355
0.00;0.88;0.75;-0.03;12399
0.00;0.92;0.69;0.01;12443
0.00;0.93;0.69;0.02;12487
0.00;0.88;0.75;-0.04;12530
0.00;0.93;0.69;0.00;12575
0.00;0.90;0.70;-0.03;12618
0.00;0.92;0.75;-0.01;12662
0.00;0.90;0.72;-0.01;12706
0.00;0.91;0.72;-0.00;12752
0.00;0.92;0.70;-0.01;12796
0.00;0.90;0.74;-0.03;12840
0.00;0.90;0.72;0.00;12889
0.00;0.91;0.75;-0.03;12932
0.00;0.89;0.74;-0.03;12976
0.00;0.92;0.75;-0.03;13019
0.00;0.91;0.75;-0.03;13062
0.00;0.88;0.74;-0.01;13106
0.00;0.91;0.79;-0.06;13149
0.00;0.90;0.72;-0.03;13193
0.00;0.91;0.72;-0.01;13236
0.00;0.91;0.75;-0.01;13280
0.00;0.93;0.75;-0.03;13323
0.00;0.91;0.75;-0.03;13367
0.00;0.92;0.75;-0.03;13410
0.00;0.90;0.77;-0.03;13454
0.00;0.92;0.77;-0.03;13498
0.00;0.91;0.75;-0.03;13544
0.00;0.89;0.75;-0.03;13587
0.00;0.91;0.74;-0.03;13631
0.00;0.89;0.72;-0.01;13674
0.00;0.91;0.74;-0.01;13718
0.00;0.88;0.75;-0.03;13761
0.00;0.91;0.72;-0.01;13805
0.00;0.91;0.70;-0.01;13848
0.00;0.88;0.77;-0.04;13892
0.00;0.92;0.75;-0.03;13935
0.00;0.93;0.75;-0.03;13979
0.00;0.89;0.82;-0.03;14022
0.00;0.91;0.79;-0.01;14066
0.00;0.88;0.82;-0.03;14110
0.00;0.92;0.79;-0.03;14153
0.00;0.90;0.82;-0.03;14197
0.00;0.92;0.80;-0.01;14240
0.00;0.90;0.80;-0.03;14284
0.00;0.91;0.82;-0.03;14327
0.00;0.92;0.80;-0.03;14373
0.00;0.91;0.80;-0.03;14417
0.00;0.90;0.77;-0.00;14460
0.00;0.93;0.79;-0.01;14504
0.00;0.91;0.80;-0.03;14547
0.00;0.88;0.79;-0.01;14591
0.00;0.88;0.79;-0.03;14634
0.00;0.91;0.79;-0.03;14678
0.00;0.92;0.79;-0.03;14722
0.00;0.92;0.79;-0.03;14765
0.00;0.91;0.84;-0.03;14809
0.00;0.90;0.77;-0.00;14852
0.00;0.92;0.84;-0.05;14896
0.00;0.91;0.80;-0.03;14939
0.00;0.90;0.80;-0.03;14983
0.00;0.89;0.80;-0.03;15027
0.00;0.91;0.80;-0.03;15070
0.00;0.90;0.79;-0.04;15114
0.00;0.92;0.82;-0.05;15160
0.00;0.89;0.77;-0.00;15203
0.00;0.91;0.80;-0.01;15248
0.00;0.92;0.77;-0.03;15292
0.00;0.92;0.79;-0.03;15335
0.00;0.92;0.77;-0.03;15379
0.00;0.91;0.79;-0.01;15422
0.00;0.89;0.80;0.00;15466
0.00;0.88;0.82;-0.03;15510
0.00;0.89;0.85;-0.03;15553
0.00;0.90;0.84;-0.03;15597
0.00;0.91;0.82;-0.03;15640
0.00;0.92;0.75;0.01;15684
0.00;0.91;0.79;-0.00;15728
0.00;0.92;0.79;-0.00;15771
0.00;0.91;0.82;-0.05;15815
0.00;0.86;0.75;-0.04;15859
0.00;0.88;0.82;-0.05;15902
0.00;0.89;0.80;-0.05;15948
0.00;0.91;0.72;0.00;15992
0.00;0.97;0.80;-0.03;16036
0.00;0.95;0.93;-0.07;16079
0.00;0.89;0.75;-0.05;16123
0.00;0.95;0.79;-0.07;16167
0.00;0.93;0.88;-0.09;16210
0.00;0.90;0.85;-0.11;16254
0.00;0.92;0.77;-0.04;16298
0.00;0.88;1.18;-0.18;16341
0.00;0.89;0.72;-0.04;16385
0.00;0.88;0.80;-0.10;16429
0.00;0.91;0.84;-0.07;16472
0.00;0.91;0.84;-0.07;16516
0.00;0.90;0.84;-0.06;16560
0.00;0.90;0.84;-0.06;16603
0.00;0.90;0.84;-0.05;16647
0.00;0.90;0.84;-0.05;16691
0.00;0.91;0.82;-0.06;16734
0.00;0.90;0.84;-0.05;16781
0.00;0.90;0.84;-0.03;16824
0.00;0.91;0.85;-0.06;16869
0.00;0.92;0.85;-0.04;16913
0.00;0.90;0.84;-0.04;16957
0.00;0.91;0.85;-0.05;17000
0.00;0.91;0.82;-0.03;17044
0.00;0.91;0.84;-0.05;17088
0.00;0.91;0.84;-0.05;17131
0.00;0.92;0.84;-0.04;17175
0.00;0.90;0.82;-0.03;17219
0.00;0.90;0.80;-0.01;17263
0.00;0.92;0.82;-0.05;17306
0.00;0.91;0.79;-0.03;17350
0.00;0.91;0.82;-0.04;17394
0.00;0.90;0.84;-0.04;17438
0.00;0.89;0.80;-0.03;17481
0.00;0.90;0.80;-0.03;17525
0.00;0.93;0.84;-0.03;17572
0.00;0.90;0.84;-0.03;17615
0.00;0.92;0.79;-0.01;17659
0.00;0.91;0.85;-0.03;17703
0.00;0.90;0.84;-0.05;17747
0.00;0.90;0.84;-0.03;17791
0.00;0.89;0.82;-0.03;17834
0.00;0.90;0.84;-0.03;17878
0.00;0.93;0.84;-0.03;17922
0.00;0.92;0.84;-0.04;17966
0.00;0.90;0.84;-0.01;18009
0.00;0.89;0.82;-0.03;18061
0.00;0.90;0.85;-0.05;18104
0.00;0.89;0.87;-0.05;18149
0.00;0.91;0.85;-0.03;18192
0.00;0.92;0.87;-0.03;18236
0.00;0.91;0.90;-0.05;18279
0.00;0.91;0.90;-0.06;18322
0.00;0.93;0.92;-0.08;18368
0.00;0.90;0.88;-0.08;18412
0.00;0.91;0.84;-0.06;18455
0.00;0.88;0.80;-0.03;18498
0.00;0.91;0.82;-0.04;18542
0.00;0.89;0.80;-0.03;18585
0.00;0.87;0.82;-0.04;18629
0.00;0.89;0.84;-0.04;18672
0.00;0.89;0.87;-0.05;18716
0.00;0.90;0.87;-0.05;18759
0.00;0.90;0.88;-0.05;18803
0.00;0.89;0.87;-0.04;18846
0.00;0.91;0.88;-0.06;18890
0.00;0.91;0.90;-0.06;18933
0.00;0.91;0.85;-0.03;18976
0.00;0.91;0.87;-0.04;19020
0.00;0.89;0.84;-0.03;19063
0.00;0.90;0.84;-0.03;19107
0.00;0.91;0.85;-0.04;19150
0.00;0.89;0.87;-0.04;19196
0.00;0.88;0.87;-0.04;19240
0.00;0.91;0.90;-0.06;19283
0.00;0.88;0.88;-0.05;19327
0.00;0.86;0.90;-0.05;19370
0.00;0.89;0.92;-0.05;19414
0.00;0.91;0.87;-0.06;19457
0.00;0.93;0.88;-0.08;19501
0.00;0.93;0.84;-0.06;19544
0.00;0.93;0.82;-0.05;19588
0.00;0.93;0.82;-0.03;19631
0.00;0.92;0.82;-0.03;19675
0.00;0.90;0.82;-0.03;19719
0.00;0.91;0.84;-0.04;19762
0.00;0.91;0.84;-0.04;19806
0.00;0.91;0.85;-0.05;19849
0.00;0.89;0.87;-0.03;19893
0.00;0.91;0.85;-0.03;19936
0.00;0.91;0.84;-0.03;19982
0.00;0.90;0.84;-0.01;20027
0.00;0.90;0.85;-0.03;20070
0.00;0.92;0.84;-0.04;20114
0.00;0.92;0.80;-0.01;20157
0.00;0.90;0.80;0.00;20201
0.00;0.90;0.84;-0.01;20244
0.00;0.91;0.87;-0.03;20288
0.00;0.90;0.87;-0.03;20332
0.00;0.90;0.87;-0.03;20375
0.00;0.92;0.87;-0.03;20419
0.00;0.91;0.87;-0.03;20462
0.00;0.91;0.85;-0.00;20506
0.00;0.90;0.85;-0.01;20549
0.00;0.90;0.87;-0.03;20593
0.00;0.90;0.87;-0.04;20637
0.00;0.90;0.87;-0.03;20680
0.00;0.89;0.87;-0.00;20724
0.00;0.90;0.87;-0.03;20770
0.00;0.91;0.87;-0.04;20813
0.00;0.93;0.85;-0.03;20857
0.00;0.90;0.87;-0.03;20901
0.00;0.90;0.84;-0.01;20944
0.00;0.91;0.87;-0.03;20988
0.00;0.91;0.85;-0.03;21031
0.00;0.91;0.87;-0.04;21075
0.00;0.90;0.87;-0.03;21119
0.00;0.92;0.87;-0.03;21162
0.00;0.92;0.87;-0.03;21206
0.00;0.91;0.85;-0.03;21250
0.00;0.91;0.87;-0.03;21293
0.00;0.90;0.88;-0.04;21337
0.00;0.89;0.85;-0.01;21381
0.00;0.89;0.90;-0.03;21424
0.00;0.91;0.88;-0.03;21468
0.00;0.91;0.88;-0.03;21512
0.00;0.90;0.88;-0.03;21558
0.00;0.90;0.87;-0.01;21601
0.00;0.90;0.88;-0.03;21645
0.00;0.92;0.87;-0.01;21690
0.00;0.92;0.88;-0.03;21733
0.00;0.90;0.87;-0.01;21777
0.00;0.89;0.87;-0.01;21821
0.00;0.91;0.87;-0.03;21864
0.00;0.91;0.90;-0.04;21908
0.00;0.90;0.87;-0.03;21952
0.00;0.90;0.87;-0.00;21995
0.00;0.90;0.85;-0.00;22039
0.00;0.92;0.87;-0.03;22083
0.00;0.93;0.88;-0.03;22126
0.00;0.91;0.88;-0.03;22170
0.00;0.88;0.85;0.01;22214
0.00;0.89;0.87;-0.01;22257
0.00;0.91;0.87;-0.03;22301
0.00;0.91;0.88;-0.03;22345
0.00;0.91;0.87;-0.00;22391
0.00;0.90;0.87;-0.00;22435
0.00;0.91;0.87;-0.01;22478
0.00;0.91;0.88;-0.03;22522
0.00;0.90;0.87;-0.01;22566
0.00;0.90;0.87;-0.03;22610
0.00;0.91;0.85;-0.00;22653
0.00;0.89;0.87;-0.01;22697
0.00;0.92;0.88;-0.03;22741
0.00;0.94;0.88;-0.03;22785
0.00;0.91;0.88;-0.03;22828
0.00;0.91;0.85;-0.01;22872
0.00;0.90;0.84;-0.01;22916
0.00;0.89;0.85;-0.01;22960
0.00;0.91;0.84;-0.01;23003
0.00;0.92;0.85;-0.03;23047
0.00;0.91;0.85;-0.03;23091
0.00;0.90;0.84;-0.00;23135
0.00;0.91;0.84;-0.00;23181
0.00;0.92;0.85;-0.03;23226
0.00;0.92;0.87;-0.03;23269
0.00;0.91;0.87;-0.03;23313
0.00;0.91;0.87;-0.03;23357
0.00;0.91;0.85;-0.03;23401
0.00;0.89;0.82;0.01;23445
0.00;0.90;0.79;0.03;23488
0.00;0.88;0.87;-0.01;23532
0.00;0.89;0.93;-0.01;23576
0.00;0.89;0.98;-0.03;23625
0.00;0.95;1.03;-0.10;23668
0.00;0.97;1.02;-0.08;23712
0.00;0.93;0.95;-0.05;23755
0.00;0.89;0.87;-0.01;23799
0.00;0.86;0.82;0.01;23842
0.00;0.87;0.79;0.02;23885
0.00;0.90;0.79;0.03;23929
0.00;0.90;0.82;0.02;23972
0.00;0.92;0.87;0.04;24018
0.00;0.90;0.90;0.05;24061
0.00;0.92;0.97;0.02;24105
0.00;0.93;1.00;-0.00;24148
0.00;0.92;1.00;-0.00;24192
0.00;0.91;0.98;0.00;24235
0.00;0.92;0.93;0.03;24278
0.00;0.92;0.90;0.03;24322
0.00;0.94;0.88;0.03;24365
0.00;0.95;0.88;0.03;24409
0.00;0.93;0.90;0.03;24452
0.00;0.93;0.92;0.01;24496
0.00;0.95;0.93;0.00;24539
0.00;0.97;0.95;-0.01;24582
0.00;0.99;0.95;-0.00;24626
0.00;1.01;0.92;0.00;24669
0.00;1.00;0.95;-0.00;24713
0.00;0.98;0.93;0.00;24756
0.00;0.96;0.98;-0.01;24802
0.00;0.92;0.98;0.00;24846
0.00;0.92;0.98;0.03;24890
0.00;0.89;0.97;0.04;24933
0.00;0.91;1.00;0.03;24977
0.00;0.95;1.02;0.00;25020
0.00;0.93;1.00;0.00;25064
0.00;0.93;1.00;0.00;25107
0.00;0.95;1.00;-0.00;25151
0.00;0.96;1.03;0.00;25194
0.00;0.96;1.02;0.01;25238
0.00;0.98;1.03;-0.03;25281
0.00;0.98;1.02;-0.03;25325
0.00;0.95;0.98;-0.03;25368
0.00;0.95;0.95;-0.01;25412
0.00;0.94;0.95;-0.01;25455
0.00;0.94;0.93;-0.01;25499
0.00;0.95;0.92;-0.00;25542
0.00;0.97;0.92;0.00;25586
0.00;0.94;0.98;-0.03;25632
0.00;0.94;1.00;-0.01;25676
0.00;0.95;1.05;-0.03;25719
0.00;0.98;1.02;-0.01;25763
0.00;0.96;1.05;-0.03;25806
0.00;0.92;1.02;0.01;25850
0.00;0.89;0.98;0.04;25894
0.00;0.93;0.97;0.01;25937
0.00;0.89;0.95;0.04;25981
0.00;0.87;0.98;0.04;26025
0.00;0.89;1.08;-0.01;26068
0.00;0.85;1.10;-0.01;26112
0.00;0.86;1.08;-0.03;26156
0.00;0.91;1.02;-0.03;26199
0.00;0.93;0.97;-0.04;26243
0.00;0.94;0.88;-0.01;26287
0.00;0.94;0.84;-0.00;26330
0.00;0.92;0.82;-0.00;26374
0.00;0.92;0.82;0.01;26420
0.00;0.93;0.79;0.01;26464
0.00;0.89;0.72;0.05;26507
0.00;0.93;0.72;0.03;26551
0.00;0.93;0.80;-0.00;26594
0.00;0.88;0.80;0.01;26638
0.00;0.90;0.84;-0.03;26682
0.00;0.90;0.87;-0.05;26726
0.00;0.87;0.85;-0.00;26770
0.00;0.84;0.85;0.01;26813
0.00;0.88;0.85;-0.00;26857
0.00;0.89;0.87;-0.03;26901
0.00;0.88;0.87;-0.01;26944
0.00;0.89;0.90;-0.03;26988
0.00;0.92;0.90;-0.01;27031
0.00;0.93;0.90;-0.01;27075
0.00;0.94;0.92;-0.03;27119
0.00;0.94;0.92;-0.04;27162
0.00;0.93;0.92;-0.04;27206
0.00;0.93;0.90;-0.04;27252
0.00;0.90;0.88;-0.03;27296
0.00;0.90;0.88;-0.01;27340
0.00;0.91;0.90;-0.03;27383
0.00;0.89;0.92;-0.01;27427
0.00;0.88;0.90;-0.01;27471
0.00;0.88;0.90;-0.03;27514
0.00;0.90;0.87;-0.01;27558
0.00;0.93;0.88;-0.03;27602
0.00;0.91;0.87;-0.01;27645
0.00;0.86;0.82;0.01;27689
0.00;0.88;0.87;-0.03;27733
0.00;0.88;0.80;-0.00;27777
0.00;0.96;0.87;-0.06;27820
0.00;0.95;0.85;-0.05;27864
0.00;0.92;0.82;-0.03;27908
0.00;0.90;0.80;-0.00;27951
0.00;0.89;0.80;0.00;27995
0.00;0.89;0.80;-0.00;28041
0.00;0.91;0.82;-0.03;28085
0.00;0.91;0.85;-0.04;28129
0.00;0.92;0.85;-0.05;28173
0.00;0.91;0.84;-0.04;28216
0.00;0.91;0.85;-0.04;28261
0.00;0.90;0.82;-0.03;28305
0.00;0.92;0.85;-0.03;28349
0.00;0.91;0.85;-0.03;28392
0.00;0.92;0.85;-0.04;28436
0.00;0.93;0.84;-0.03;28480
0.00;0.91;0.84;-0.03;28524
0.00;0.92;0.84;-0.03;28567
0.00;0.92;0.84;-0.03;28611
0.00;0.93;0.84;-0.05;28655
0.00;0.93;0.85;-0.04;28699
0.00;0.90;0.82;0.01;28743
0.00;0.87;0.80;0.00;28786
0.00;0.93;0.87;-0.04;28830
0.00;0.91;0.84;-0.05;28876
0.00;0.98;0.75;-0.04;28920
0.00;1.01;0.87;-0.05;28964
0.00;0.93;0.85;-0.12;29008
0.00;1.00;0.85;-0.09;29052
0.00;0.94;0.80;-0.11;29095
0.00;0.95;0.90;-0.13;29139
0.00;0.92;0.82;-0.14;29188
0.00;0.96;0.90;-0.15;29232
0.00;0.98;0.84;-0.12;29275
0.00;0.99;0.84;-0.17;29319
0.00;1.00;0.85;-0.14;29362
0.00;0.97;0.90;-0.23;29406
0.00;0.95;0.82;-0.13;29449
0.00;0.93;0.92;-0.24;29492
0.00;0.87;0.92;-0.25;29536
0.00;0.81;0.79;-0.08;29579
0.00;0.86;0.92;-0.06;29623
0.00;0.75;0.80;-0.03;29670
0.00;0.69;0.84;-0.09;29713
0.00;0.74;0.95;-0.18;29757
0.00;0.73;0.85;-0.05;29800
0.00;0.81;0.88;-0.06;29844
0.00;0.81;0.80;0.00;29887
0.00;0.86;0.87;-0.05;29931
0.00;0.91;0.84;-0.03;29974
0.00;0.90;0.80;0.00;30018
0.00;0.88;0.88;-0.06;30061
0.00;0.88;0.87;-0.03;30105
0.00;0.81;0.87;-0.04;30148
0.00;0.78;0.92;-0.03;30192
0.00;0.65;0.92;-0.03;30235
0.00;0.56;0.85;-0.03;30279
0.00;0.56;0.92;-0.11;30322
0.00;0.57;0.97;-0.13;30366
0.00;0.92;0.93;-0.04;30409
0.00;1.04;0.79;0.08;30455
0.00;1.07;0.64;0.19;30499
0.00;1.11;0.72;0.02;30542
0.00;1.10;0.84;-0.03;30586
0.00;1.05;0.87;-0.03;30629
0.00;1.05;0.90;-0.04;30673
0.00;1.01;0.82;-0.03;30716
0.00;1.06;0.92;-0.06;30760
0.00;0.99;0.92;-0.06;30803
0.00;0.94;0.95;-0.06;30847
0.00;0.93;1.08;-0.13;30890
0.00;0.91;1.03;-0.10;30934
0.00;0.88;1.00;-0.10;30978
0.00;0.87;1.02;-0.13;31021
0.00;0.88;0.97;-0.07;31065
0.00;0.89;0.92;-0.05;31108
0.00;0.90;0.97;-0.08;31152
0.00;0.92;0.90;-0.03;31196
0.00;0.92;0.92;-0.03;31239
0.00;0.90;0.95;-0.07;31285
0.00;0.90;0.92;-0.03;31329
0.00;0.90;0.97;-0.06;31372
0.00;0.86;0.95;-0.08;31416
0.00;0.87;0.95;-0.07;31459
0.00;0.87;0.95;-0.05;31504
0.00;0.89;0.95;-0.06;31548
0.00;0.89;0.93;-0.06;31591
0.00;0.91;0.93;-0.05;31635
0.00;0.90;0.93;-0.07;31678
0.00;0.92;0.92;-0.06;31722
0.00;0.95;0.90;-0.05;31766
0.00;0.93;0.93;-0.07;31809
0.00;0.93;0.92;-0.04;31853
0.00;0.91;0.93;-0.06;31897
0.00;0.91;0.95;-0.06;31940
0.00;0.88;0.93;-0.04;31984
0.00;0.89;0.93;-0.05;32028
0.00;0.88;0.92;-0.04;32074
0.00;0.86;0.92;-0.04;32117
0.00;0.85;0.92;-0.03;32161
0.00;0.83;0.92;-0.03;32205
0.00;0.80;0.92;-0.03;32248
0.00;0.87;0.84;-0.06;32292
0.00;1.05;0.43;0.14;32335
0.00;0.86;1.15;0.03;32379
0.00;0.86;0.95;-0.06;32423
0.00;0.82;0.85;-0.00;32466
0.00;0.88;0.92;-0.05;32510
0.00;0.85;0.93;-0.05;32554
0.00;0.84;0.90;-0.01;32597
0.00;0.81;0.93;-0.03;32641
0.00;0.82;0.88;-0.00;32685
0.00;0.62;1.08;0.13;32728
0.00;0.72;0.56;0.28;32772
0.00;0.85;1.07;-0.28;32816
0.00;0.83;0.75;0.06;32862
0.00;0.95;0.93;-0.10;32906
0.00;0.89;0.88;-0.00;32949
0.00;0.91;0.93;-0.01;32993
0.00;0.84;0.92;0.00;33037
0.00;0.77;0.87;0.00;33080
0.00;0.76;0.85;0.02;33125
0.00;0.56;1.21;0.13;33169
0.00;0.44;0.26;0.18;33212
0.00;0.85;1.13;-0.40;33256
0.00;0.79;0.79;0.02;33300
0.00;0.95;0.92;-0.05;33344
0.00;0.91;0.90;-0.03;33387
0.00;0.92;0.93;-0.00;33431
0.00;0.85;0.95;-0.00;33475
0.00;0.78;0.92;0.00;33518
0.00;0.73;0.88;-0.01;33562
0.00;-0.45;-0.64;0.00;33606
0.00;0.50;0.67;0.00;33650
0.00;1.13;1.18;0.13;33696
0.00;0.74;0.90;-0.01;33739
0.00;0.85;0.88;-0.01;33783
0.00;0.93;0.90;-0.03;33827
0.00;0.89;0.88;0.00;33871
0.00;0.94;0.90;0.03;33914
0.00;0.91;0.93;-0.00;33958
0.00;0.86;0.90;0.03;34002
0.00;0.81;0.85;0.03;34046
0.00;0.73;0.69;0.29;34089
0.00;0.34;1.00;0.36;34133
0.00;0.96;1.13;-0.27;34177
0.00;0.69;0.82;0.04;34221
0.00;0.86;0.90;-0.01;34265
0.00;0.89;0.92;0.03;34308
0.00;0.85;0.92;0.06;34360
0.00;0.86;0.93;0.04;34403
0.00;0.78;0.93;0.03;34446
0.00;0.71;0.88;0.05;34491
0.00;0.76;-1.08;0.65;34536
0.00;0.49;0.97;-0.00;34580
0.00;1.08;1.05;-0.05;34623
0.00;0.77;0.87;0.00;34667
0.00;0.78;0.82;0.10;34710
0.00;0.86;0.98;-0.01;34753
0.00;0.81;0.90;0.07;34797
0.00;0.92;0.97;0.05;34840
0.00;0.90;0.97;0.03;34884
0.00;0.86;0.95;0.04;34927
0.00;0.74;0.98;0.05;34970
0.00;0.68;0.31;1.40;35014
0.00;0.86;0.61;0.24;35057
0.00;0.28;0.85;-0.01;35101
0.00;0.81;1.03;-0.10;35144
0.00;0.69;0.84;0.14;35188
0.00;0.90;1.10;-0.03;35231
0.00;0.89;1.02;0.07;35275
0.00;0.91;1.07;0.04;35320
0.00;0.92;1.10;0.04;35364
0.00;0.80;1.02;0.12;35407
0.00;0.70;0.98;0.10;35451
0.00;0.84;1.18;0.21;35494
0.00;0.32;0.70;0.07;35538
0.00;1.27;1.29;0.07;35581
0.00;0.77;0.93;0.03;35625
0.00;0.86;0.88;0.20;35668
0.00;0.88;1.10;-0.01;35712
0.00;0.81;1.02;0.09;35755
0.00;0.86;1.07;0.04;35799
0.00;0.86;1.08;0.01;35842
0.00;0.86;1.02;0.05;35885
0.00;0.91;1.02;0.03;35929
0.00;0.92;1.00;0.04;35972
0.00;0.90;0.98;0.05;36016
0.00;0.92;0.97;0.03;36059
0.00;0.91;1.00;0.03;36103
0.00;0.89;1.02;0.02;36149
0.00;0.87;1.02;0.01;36192
0.00;0.89;1.02;0.01;36236
0.00;0.87;1.00;0.02;36279
0.00;0.88;1.00;0.03;36323
0.00;0.88;0.98;0.04;36366
0.00;0.92;0.98;0.02;36411
0.00;0.93;1.00;0.01;36454
0.00;0.93;1.02;0.00;36498
0.00;0.93;1.02;-0.00;36541
0.00;0.91;0.98;0.01;36585
0.00;0.90;0.97;0.03;36628
0.00;0.91;0.93;0.03;36672
0.00;0.87;0.93;0.04;36716
0.00;0.74;0.92;0.04;36759
0.00;0.30;0.95;0.04;36803
0.00;0.01;0.90;0.06;36846
0.00;0.26;0.85;-0.04;36890
0.00;0.69;0.65;0.04;36933
0.00;0.85;0.69;-0.14;36979
0.00;0.95;0.70;-0.06;37023
0.00;1.16;0.67;-0.10;37066
0.00;1.25;0.87;-0.24;37110
0.00;1.28;0.67;-0.12;37154
0.00;1.42;0.74;-0.21;37197
0.00;1.31;0.62;-0.11;37241
0.00;1.19;0.70;-0.16;37285
0.00;1.33;0.74;-0.18;37328
0.00;1.09;0.67;-0.15;37372
0.00;1.02;0.69;-0.14;37416
0.00;1.02;0.62;-0.08;37459
0.00;0.91;0.69;-0.09;37503
0.00;0.98;0.69;-0.15;37547
0.00;1.04;0.72;-0.17;37590
0.00;1.03;0.77;-0.19;37634
0.00;0.99;0.72;-0.13;37678
0.00;0.87;0.69;-0.07;37721
0.00;0.83;0.70;-0.05;37765
0.00;0.85;0.77;-0.11;37807
0.00;0.79;0.75;-0.11;37850
0.00;0.81;0.70;-0.06;37894
0.00;0.78;0.74;-0.07;37938
0.00;0.76;0.69;-0.00;37981
0.00;0.79;0.74;0.02;38025
0.00;0.76;0.84;-0.00;38069
0.00;0.81;0.85;-0.00;38112
0.00;0.83;0.88;-0.01;38156
0.00;0.87;0.88;-0.06;38200
0.00;0.96;0.85;-0.09;38243
0.00;0.95;0.84;-0.08;38288
0.00;0.90;0.79;-0.03;38332
0.00;0.86;0.77;0.00;38375
0.00;0.90;0.75;-0.01;38419
0.00;0.92;0.79;-0.05;38463
0.00;0.90;0.75;-0.03;38506
0.00;0.91;0.79;-0.05;38550
0.00;0.90;0.79;-0.01;38596
0.00;0.88;0.82;-0.01;38640
0.00;0.89;0.82;-0.00;38684
0.00;0.91;0.84;-0.04;38727
0.00;0.91;0.82;-0.03;38771
0.00;0.89;0.80;-0.01;38815
0.00;0.90;0.79;-0.03;38859
0.00;0.93;0.82;-0.05;38902
0.00;0.91;0.79;-0.03;38946
0.00;0.89;0.79;-0.00;38990
0.00;0.90;0.79;-0.01;39034
0.00;0.93;0.77;0.00;39077
0.00;0.91;0.79;-0.00;39121
0.00;0.91;0.82;-0.01;39165
0.00;0.90;0.84;-0.03;39209
0.00;0.89;0.85;-0.00;39252
0.00;0.92;0.87;-0.03;39296
0.00;0.93;0.84;-0.03;39340
0.00;0.93;0.82;-0.03;39386
0.00;0.96;0.77;-0.03;39430
0.00;0.93;0.74;0.00;39474
0.00;0.92;0.74;0.00;39517
0.00;0.88;0.77;0.04;39561
0.00;0.85;0.85;0.01;39605
0.00;0.85;0.87;-0.00;39649
0.00;0.88;0.87;-0.01;39692
0.00;0.86;0.84;-0.01;39736
0.00;0.90;0.84;-0.01;39781
0.00;0.93;0.82;-0.01;39825
0.00;0.93;0.82;-0.01;39869
0.00;0.91;0.84;-0.00;39917
0.00;0.89;0.85;0.01;39961
0.00;0.90;0.87;-0.00;40004
0.00;0.91;0.88;-0.03;40048
0.00;0.91;0.88;-0.03;40091
0.00;0.90;0.88;-0.03;40135
0.00;0.89;0.87;-0.03;40178
0.00;0.89;0.87;-0.03;40224
0.00;0.92;0.87;-0.03;40267
0.00;0.93;0.87;-0.04;40311
0.00;0.91;0.85;-0.00;40354
0.00;0.91;0.85;-0.03;40397
0.00;0.90;0.85;-0.03;40441
0.00;0.88;0.84;-0.03;40484
0.00;0.91;0.84;-0.03;40528
0.00;0.92;0.84;-0.03;40571
0.00;0.92;0.82;-0.03;40615
0.00;0.91;0.85;-0.04;40658
0.00;0.90;0.87;-0.03;40702
0.00;0.90;0.88;-0.04;40745
0.00;0.91;0.85;-0.05;40789
0.00;0.91;0.87;-0.04;40832
0.00;0.91;0.87;-0.03;40876
0.00;0.92;0.82;-0.01;40919
0.00;0.94;0.82;-0.03;40963
0.00;0.90;0.85;-0.04;41008
0.00;0.89;0.85;-0.01;41052
0.00;0.97;0.84;0.05;41095
0.00;0.92;0.84;0.01;41139
0.00;0.90;0.88;-0.03;41182
0.00;0.92;0.84;-0.00;41226
0.00;0.90;0.84;-0.00;41269
0.00;0.92;0.87;-0.03;41313
0.00;0.91;0.87;-0.01;41356
0.00;0.90;0.90;-0.03;41400
0.00;0.91;0.87;-0.00;41443
0.00;0.91;0.92;-0.00;41488
0.00;0.93;0.88;0.02;41531
0.00;0.95;0.88;-0.00;41575
0.00;0.92;0.88;-0.03;41618
0.00;0.91;0.88;-0.00;41662
0.00;0.89;0.87;-0.01;41705
0.00;0.89;0.92;-0.03;41749
0.00;0.89;0.87;-0.01;41795
0.00;0.88;0.90;-0.01;41838
0.00;0.87;0.88;-0.01;41882
0.00;0.89;0.88;-0.03;41925
0.00;0.91;0.85;-0.01;41969
0.00;0.91;0.84;-0.00;42013
0.00;0.92;0.85;-0.00;42056
0.00;0.92;0.85;-0.00;42100
0.00;0.87;0.85;0.01;42143
0.00;0.88;0.87;-0.00;42187
0.00;0.93;0.87;-0.01;42230
0.00;0.94;0.87;-0.03;42274
0.00;0.96;0.90;-0.05;42318
0.00;0.90;0.90;0.00;42361
0.00;0.89;0.87;0.02;42405
0.00;0.89;0.88;0.00;42448
0.00;0.89;0.88;-0.00;42492
0.00;0.91;0.92;-0.01;42535
0.00;0.93;0.92;-0.03;42579
0.00;0.94;0.90;-0.01;42625
0.00;0.93;0.88;0.00;42669
0.00;0.93;0.85;0.04;42712
0.00;0.89;0.84;0.04;42756
0.00;0.86;0.87;0.04;42799
0.00;0.78;0.88;0.01;42843
0.00;0.86;0.85;-0.03;42886
0.00;0.83;0.84;-0.01;42930
0.00;0.83;0.70;0.03;42974
0.00;0.97;0.79;-0.10;43017
0.00;0.99;0.79;-0.14;43061
0.00;1.00;0.74;-0.08;43105
0.00;0.95;0.79;-0.11;43148
0.00;0.95;0.79;-0.11;43192
0.00;0.92;0.79;-0.07;43235
0.00;0.90;0.80;-0.06;43280
0.00;0.90;0.79;-0.05;43324
0.00;0.89;0.75;-0.04;43367
0.00;0.89;0.75;-0.03;43414
0.00;0.89;0.74;-0.04;43457
0.00;0.87;0.77;-0.03;43501
0.00;0.88;0.79;-0.05;43545
0.00;0.90;0.80;-0.04;43588
0.00;0.91;0.79;-0.03;43632
0.00;0.93;0.80;-0.03;43676
0.00;0.94;0.85;-0.07;43719
0.00;0.93;0.82;-0.04;43763
0.00;0.91;0.77;0.00;43807
0.00;0.91;0.80;-0.00;43850
0.00;0.93;0.77;-0.01;43894
0.00;0.97;0.77;-0.08;43938
0.00;1.05;0.79;-0.08;43981
0.00;0.99;0.80;-0.03;44025
0.00;0.89;0.82;0.01;44069
0.00;0.94;0.90;-0.00;44113
0.00;0.97;0.95;-0.04;44156
0.00;0.96;0.90;0.00;44200
0.00;0.91;0.92;-0.00;44246
0.00;0.88;0.85;0.02;44290
0.00;0.86;0.80;0.00;44334
0.00;0.91;0.82;-0.03;44377
0.00;0.91;0.79;-0.00;44421
0.00;0.95;0.74;-0.00;44465
0.00;0.94;0.79;-0.00;44508
0.00;0.96;0.77;0.01;44552
0.00;0.97;0.82;-0.00;44596
0.00;0.97;0.84;-0.04;44640
0.00;0.97;0.82;-0.03;44683
0.00;0.95;0.79;-0.04;44727
0.00;0.99;0.77;-0.03;44771
0.00;0.97;0.72;-0.00;44816
0.00;0.97;0.74;0.00;44860
0.00;0.95;0.77;0.00;44903
0.00;0.96;0.82;-0.00;44947
0.00;0.97;0.84;-0.00;44991
0.00;0.97;0.87;-0.01;45037
0.00;0.97;0.88;-0.01;45081
0.00;0.97;0.88;-0.03;45125
0.00;0.95;0.87;-0.03;45168
0.00;0.93;0.84;-0.00;45212
0.00;0.94;0.87;-0.03;45256
0.00;0.96;0.85;-0.01;45300
0.00;0.96;0.87;-0.01;45344
0.00;0.96;0.87;-0.03;45387
0.00;0.96;0.87;-0.03;45431
0.00;0.94;0.90;-0.05;45480
0.00;0.96;0.90;-0.04;45524
0.00;0.93;0.88;-0.04;45567
0.00;1.06;0.26;-0.01;45611
0.00;0.92;0.98;-0.08;45654
0.00;0.89;0.74;0.02;45697
0.00;0.94;0.98;-0.10;45741
0.00;0.92;0.85;0.00;45784
0.00;0.93;0.88;-0.03;45830
0.00;0.92;0.90;-0.03;45874
0.00;0.92;0.85;-0.01;45917
0.00;0.91;0.88;-0.04;45960
0.00;0.90;0.88;-0.03;46004
0.00;1.10;-0.54;0.26;46047
0.00;0.95;1.23;-0.37;46091
0.00;0.89;0.79;0.11;46134
0.00;0.84;1.02;-0.15;46178
0.00;0.95;0.88;0.02;46221
0.00;0.87;0.90;-0.03;46266
0.00;0.89;0.92;-0.03;46310
0.00;0.91;0.87;-0.03;46353
0.00;0.90;0.87;-0.03;46397
0.00;0.89;0.90;-0.03;46440
0.00;0.89;0.88;-0.05;46484
0.00;0.76;0.82;-0.31;46527
0.00;0.87;0.80;0.02;46571
0.00;0.84;0.95;-0.15;46614
0.00;0.93;0.90;-0.01;46660
0.00;0.87;0.90;-0.01;46703
0.00;0.87;0.93;-0.03;46747
0.00;0.90;0.88;-0.01;46790
0.00;0.91;0.88;-0.03;46834
0.00;0.91;0.88;-0.03;46878
0.00;0.89;0.90;-0.01;46921
0.00;1.29;-3.21;1.90;46965
0.00;0.95;1.02;-0.24;47008
0.00;0.84;0.72;0.15;47052
0.00;0.87;1.10;-0.20;47095
0.00;0.96;0.92;-0.08;47139
0.00;0.90;0.79;0.04;47182
0.00;0.89;0.90;-0.04;47226
0.00;0.91;0.85;-0.00;47269
0.00;0.89;0.84;-0.00;47313
0.00;0.91;0.88;-0.01;47357
0.00;0.89;0.93;-0.03;47400
0.00;0.86;1.03;-0.09;47446
0.00;0.69;-0.08;-0.36;47490
0.00;0.69;0.65;0.06;47533
0.00;0.88;0.95;-0.03;47577
0.00;0.95;0.98;-0.11;47620
0.00;0.93;0.82;0.06;47664
0.00;0.89;0.87;-0.00;47708
0.00;0.91;0.84;-0.01;47751
0.00;0.91;0.80;0.01;47795
0.00;0.90;0.82;-0.00;47838
0.00;0.89;0.87;-0.01;47882
0.00;0.87;0.92;-0.04;47925
0.00;1.03;1.08;-0.42;47969
0.00;0.77;0.69;0.01;48013
0.00;0.93;0.98;0.06;48056
0.00;0.93;1.08;-0.17;48101
0.00;0.96;0.90;0.02;48144
0.00;0.88;0.85;-0.01;48188
0.00;0.92;0.84;-0.00;48232
0.00;0.90;0.79;0.01;48278
0.00;0.90;0.82;-0.00;48321
0.00;0.91;0.87;-0.00;48365
0.00;0.90;0.97;-0.05;48409
0.00;1.37;-0.69;0.31;48452
0.00;0.88;1.05;-0.03;48496
0.00;0.86;0.79;0.15;48540
0.00;0.90;1.02;-0.06;48583
0.00;0.96;0.85;0.00;48627
0.00;0.91;0.79;0.02;48670
0.00;0.90;0.87;-0.03;48714
0.00;0.89;0.82;-0.00;48758
0.00;0.89;0.82;-0.00;48801
0.00;0.89;0.85;-0.00;48845
0.00;0.91;0.92;-0.01;48889
0.00;0.86;1.05;-0.07;48932
0.00;1.12;0.52;-0.12;48976
0.00;0.71;0.61;0.06;49020
0.00;0.87;0.95;-0.00;49066
0.00;0.95;0.88;-0.09;49110
0.00;0.93;0.85;-0.01;49153
0.00;0.88;0.87;-0.01;49197
0.00;0.88;0.92;-0.04;49241
0.00;0.91;0.88;-0.00;49284
0.00;0.89;0.90;-0.03;49328
0.00;0.90;0.93;-0.03;49372
0.00;0.86;1.03;-0.07;49415
0.00;1.17;0.03;-0.01;49459
0.00;0.74;0.70;-0.01;49503
0.00;0.82;0.95;-0.06;49547
0.00;0.92;0.97;-0.09;49590
0.00;0.94;0.97;-0.08;49634
0.00;0.90;0.85;0.00;49678
0.00;0.89;0.92;-0.04;49722
0.00;0.89;0.87;-0.01;49766
0.00;0.90;0.88;-0.03;49810
0.00;0.92;0.88;-0.00;49856
0.00;0.90;1.02;-0.05;49900
0.00;0.84;1.08;-0.11;49944
0.00;0.91;1.02;-0.24;49989
0.00;0.82;0.72;0.08;50033
0.00;0.91;0.92;-0.03;50076
0.00;0.94;0.87;-0.04;50120
0.00;0.90;0.87;-0.00;50164
0.00;0.87;0.92;-0.03;50208
0.00;0.87;0.88;-0.01;50251
0.00;0.89;0.88;-0.00;50295
0.00;0.90;0.87;-0.01;50339
0.00;0.92;0.85;-0.00;50383
0.00;0.91;0.88;-0.03;50426
0.00;0.90;0.85;0.00;50470
0.00;0.89;0.85;0.00;50514
0.00;0.91;0.88;-0.03;50558
0.00;0.91;0.87;-0.01;50601
0.00;0.90;0.87;0.00;50653
0.00;0.91;0.87;-0.00;50698
0.00;0.90;0.87;-0.00;50742
0.00;0.91;0.87;-0.01;50785
0.00;0.92;0.87;-0.00;50828
0.00;0.91;0.85;0.01;50872
0.00;0.91;0.87;-0.00;50915
0.00;0.92;0.87;-0.00;50960
0.00;0.90;0.85;0.00;51003
0.00;0.91;0.87;-0.01;51046
0.00;0.90;0.87;-0.00;51090
0.00;0.90;0.85;-0.00;51133
0.00;0.90;0.87;-0.00;51177
0.00;0.91;0.87;-0.00;51220
0.00;0.92;0.87;-0.01;51264
0.00;0.92;0.88;0.00;51307
0.00;0.91;0.88;-0.00;51351
0.00;0.90;0.87;-0.00;51394
0.00;0.90;0.87;-0.01;51437
0.00;0.90;0.87;-0.00;51483
0.00;0.89;0.87;0.01;51527
0.00;0.89;0.87;0.00;51570
0.00;0.89;0.88;-0.00;51614
0.00;0.89;0.88;0.00;51657
0.00;0.90;0.88;-0.01;51701
0.00;0.90;0.87;-0.00;51744
0.00;0.90;0.88;-0.01;51788
0.00;0.91;0.87;-0.03;51832
0.00;0.91;0.85;-0.01;51875
0.00;0.92;0.87;-0.03;51919
0.00;0.92;0.88;-0.00;51962
0.00;0.90;0.88;-0.01;52006
0.00;0.91;0.90;-0.03;52050
0.00;0.92;0.90;-0.03;52093
0.00;0.91;0.88;-0.03;52137
0.00;0.91;0.88;-0.03;52180
0.00;0.91;0.87;-0.03;52224
0.00;0.91;0.87;-0.03;52268
0.00;0.91;0.87;-0.01;52320
0.00;0.90;0.85;-0.03;52366
0.00;0.90;0.87;-0.03;52412
0.00;0.90;0.87;-0.03;52458
0.00;0.90;0.85;-0.03;52503
0.00;0.88;0.85;-0.01;52549
0.00;0.89;0.87;-0.01;52594
0.00;0.91;0.90;-0.01;52640
0.00;0.92;0.93;-0.01;52686
0.00;0.92;0.95;-0.03;52731
0.00;0.92;0.95;-0.03;52777
0.00;0.89;0.93;-0.03;52822
0.00;0.90;0.92;-0.03;52868
0.00;0.90;0.90;-0.01;52913
0.00;0.90;0.92;-0.03;52959
0.00;0.91;0.90;-0.01;53005
0.00;0.90;0.87;0.00;53051
0.00;0.91;0.88;-0.00;53097
0.00;0.93;0.85;-0.00;53145
0.00;0.92;0.84;-0.00;53190
0.00;0.91;0.85;0.02;53236
0.00;0.88;0.84;0.00;53281
0.00;0.89;0.85;0.00;53327
0.00;0.90;0.87;0.00;53372
0.00;0.91;0.87;0.00;53418
0.00;0.90;0.85;0.03;53463
0.00;0.93;0.87;0.02;53509
0.00;0.90;0.90;-0.01;53555
0.00;0.89;0.92;0.02;53600
0.00;0.88;0.93;-0.03;53646
0.00;0.91;0.95;0.00;53692
0.00;0.91;0.93;-0.00;53738
0.00;0.90;0.92;0.01;53784
0.00;0.89;0.98;-0.03;53829
0.00;0.88;0.95;-0.03;53875
0.00;0.88;0.98;-0.01;53920
0.00;0.87;1.00;-0.06;53966
0.00;0.90;0.97;-0.00;54014
0.00;0.90;1.00;-0.03;54060
0.00;0.89;0.98;-0.01;54105
0.00;0.90;0.98;-0.01;54151
0.00;0.90;0.98;-0.03;54197
0.00;0.90;0.97;-0.01;54242
0.00;0.90;0.95;-0.00;54289
0.00;0.90;0.98;-0.01;54335
0.00;0.90;0.95;-0.00;54380
0.00;0.90;0.97;-0.03;54426
0.00;0.91;0.97;-0.01;54471
0.00;0.90;0.97;-0.01;54517
0.00;0.91;0.95;0.00;54563
0.00;0.90;0.97;-0.01;54608
0.00;0.91;0.95;-0.00;54654
0.00;0.91;0.97;-0.01;54700
0.00;0.89;0.97;-0.01;54745
0.00;0.89;0.95;-0.01;54791
0.00;0.90;0.97;-0.01;54839
0.00;0.90;0.95;-0.00;54886
0.00;0.89;0.98;-0.03;54932
0.00;0.90;0.97;-0.01;54977
0.00;0.89;0.97;-0.00;55023
0.00;0.91;0.97;-0.03;55069
0.00;0.91;0.97;-0.00;55114
0.00;0.89;0.97;-0.01;55160
0.00;0.89;0.95;-0.01;55206
0.00;0.90;0.97;-0.03;55252
0.00;0.90;0.97;-0.01;55297
0.00;0.90;0.97;-0.01;55343
0.00;0.89;0.97;-0.01;55389
0.00;0.90;0.97;-0.00;55435
0.00;0.90;0.98;-0.03;55480
0.00;0.90;0.95;-0.01;55527
0.00;0.90;0.95;-0.01;55573
0.00;0.89;0.97;-0.03;55618
0.00;0.92;0.97;-0.01;55667
0.00;0.91;0.95;-0.03;55712
0.00;0.91;1.00;-0.04;55758
0.00;0.92;0.98;-0.05;55804
0.00;0.91;0.95;-0.03;55850
0.00;0.88;0.98;-0.05;55895
0.00;0.90;0.98;-0.03;55941
0.00;0.90;0.98;-0.03;55987
0.00;0.90;1.00;-0.03;56033
0.00;0.88;0.97;-0.03;56080
0.00;0.87;0.95;-0.03;56125
0.00;0.89;0.97;-0.00;56171
0.00;0.90;0.95;-0.03;56217
0.00;0.91;0.97;-0.05;56263
0.00;0.91;0.90;-0.01;56315
0.00;0.89;0.92;-0.03;56360
0.00;0.93;0.93;-0.03;56405
0.00;0.89;0.88;0.01;56451
0.00;0.89;0.93;-0.00;56496
0.00;0.91;0.93;-0.03;56544
0.00;0.90;0.92;0.00;56589
0.00;0.88;0.93;-0.01;56636
0.00;0.91;0.93;-0.01;56681
0.00;0.89;0.93;-0.01;56727
0.00;0.91;0.93;-0.00;56772
0.00;0.91;0.93;-0.00;56818
0.00;0.91;0.92;-0.00;56863
0.00;0.90;0.93;-0.01;56908
0.00;0.90;0.93;-0.01;56954
0.00;0.90;0.93;-0.01;56999
0.00;0.91;0.92;0.00;57045
0.00;0.91;0.92;-0.00;57090
0.00;0.91;0.92;-0.00;57136
0.00;0.91;0.92;-0.01;57181
0.00;0.90;0.92;-0.00;57227
0.00;0.89;0.90;0.00;57272
0.00;0.88;0.87;-0.00;57318
0.00;0.91;0.93;-0.04;57366
0.00;0.91;0.92;0.00;57412
0.00;0.91;0.92;-0.01;57457
0.00;0.91;0.90;-0.00;57503
0.00;0.91;0.88;0.00;57548
0.00;0.90;0.88;-0.00;57594
0.00;0.90;0.90;0.00;57639
0.00;0.89;0.90;0.00;57684
0.00;0.90;0.90;-0.01;57730
0.00;0.91;0.90;0.00;57775
0.00;0.89;0.88;0.00;57821
0.00;0.90;0.90;-0.00;57866
0.00;0.90;0.92;0.00;57912
0.00;0.90;0.90;0.00;57958
0.00;0.90;0.92;0.01;58004
0.00;0.91;0.90;0.01;58049
0.00;0.91;0.90;0.00;58094
0.00;0.90;0.90;0.00;58140
0.00;0.90;0.90;0.01;58185
0.00;0.90;0.92;-0.00;58233
0.00;0.91;0.90;0.02;58279
0.00;0.90;0.90;0.00;58324
0.00;0.91;0.90;0.01;58370
0.00;0.91;0.90;0.01;58415
0.00;0.91;0.90;0.01;58461
0.00;0.90;0.90;0.01;58506
0.00;0.89;0.92;0.01;58552
0.00;0.90;0.92;0.00;58598
0.00;0.91;0.93;-0.00;58644
0.00;0.90;0.92;0.01;58689
0.00;0.89;0.90;0.00;58735
0.00;0.90;0.90;0.00;58780
0.00;0.90;0.90;0.00;58826
0.00;0.90;0.90;-0.00;58871
0.00;0.90;0.90;0.00;58917
0.00;0.90;0.90;0.00;58962
0.00;0.90;0.88;0.01;59008
0.00;0.91;0.90;0.00;59053
0.00;0.91;0.88;0.01;59101
0.00;0.91;0.88;0.00;59147
0.00;0.90;0.88;0.01;59192
0.00;0.91;0.90;0.00;59239
0.00;0.90;0.90;0.00;59284
0.00;0.89;0.88;0.02;59330
0.00;0.91;0.88;-0.00;59375
0.00;0.91;0.88;0.00;59421
0.00;0.90;0.85;0.02;59467
0.00;0.90;0.87;0.03;59512
0.00;0.92;0.92;-0.00;59558
0.00;0.92;0.90;0.00;59603
0.00;0.90;0.88;-0.00;59649
0.00;0.91;0.87;0.00;59694
0.00;0.89;0.87;0.01;59740
0.00;0.90;0.92;-0.00;59786
0.00;0.90;0.90;-0.00;59831
0.00;0.89;0.90;0.02;59878
0.00;0.93;0.90;0.00;59926
0.00;0.93;0.87;0.01;59971
0.00;0.91;0.84;0.02;60017
0.00;0.90;0.84;0.03;60063
0.00;0.90;0.85;0.03;60108
0.00;0.90;0.87;0.03;60154
0.00;0.90;0.90;0.03;60200
0.00;0.88;0.93;-0.00;60245
0.00;0.88;0.92;0.03;60291
0.00;0.91;0.95;0.01;60336
0.00;0.91;0.90;0.02;60382
0.00;0.91;0.90;0.02;60428
0.00;0.91;0.88;0.02;60474
0.00;0.90;0.87;0.02;60520
0.00;0.90;0.92;-0.01;60566
0.00;0.90;0.90;0.01;60611
0.00;0.89;0.90;0.02;60657
0.00;0.89;0.90;0.02;60703
0.00;0.91;0.92;-0.00;60748
0.00;0.92;0.88;0.00;60796
0.00;0.89;0.90;0.01;60842
0.00;0.90;0.92;-0.00;60888
0.00;0.91;0.88;0.02;60934
0.00;0.90;0.88;0.01;60979
0.00;0.92;0.88;0.00;61025
0.00;0.91;0.88;0.00;61072
0.00;0.91;0.88;0.02;61117
0.00;0.91;0.88;0.01;61163
0.00;0.90;0.88;0.00;61209
0.00;0.91;0.88;0.00;61254
0.00;0.89;0.88;0.00;61300
0.00;0.89;0.88;0.00;61346
0.00;0.90;0.87;0.00;61392
0.00;0.91;0.87;-0.00;61437
0.00;0.91;0.88;0.00;61483
0.00;0.92;0.87;0.00;61529
0.00;0.90;0.85;0.01;61574
0.00;0.90;0.88;-0.00;61620
0.00;0.90;0.88;0.00;61669
0.00;0.90;0.85;0.03;61715
0.00;0.90;0.85;0.01;61761
0.00;0.91;0.87;0.00;61807
0.00;0.89;0.85;0.01;61852
0.00;0.91;0.85;0.01;61898
0.00;0.92;0.87;0.00;61944
0.00;0.91;0.90;-0.00;61990
0.00;0.92;0.87;0.01;62035
0.00;0.90;0.85;0.01;62081
0.00;0.89;0.85;0.01;62132
0.00;0.91;0.90;-0.01;62178
0.00;0.90;0.85;0.01;62224
0.00;0.90;0.84;0.02;62269
0.00;0.90;0.85;0.00;62315
0.00;0.91;0.85;0.02;62360
0.00;0.91;0.84;0.02;62406
0.00;0.95;0.84;0.05;62451
0.00;0.89;0.84;0.00;62496
0.00;0.91;0.87;0.00;62544
0.00;0.92;0.84;-0.00;62590
0.00;0.90;0.85;0.02;62635
0.00;0.91;0.84;0.02;62680
0.00;0.91;0.85;-0.00;62726
0.00;0.91;0.84;0.01;62771
0.00;0.90;0.85;-0.00;62817
0.00;0.92;0.85;-0.00;62862
0.00;0.90;0.84;0.00;62909
0.00;0.90;0.84;0.01;62954
0.00;0.91;0.84;0.01;62999
0.00;0.89;0.84;0.00;63045
0.00;0.87;0.82;0.01;63090
0.00;0.87;0.84;0.00;63136
0.00;0.87;0.82;0.01;63181
0.00;0.85;0.82;0.01;63227
0.00;0.87;0.82;0.01;63272
0.00;0.86;0.82;0.02;63318
0.00;0.84;0.80;0.03;63363
0.00;0.85;0.85;0.01;63411
0.00;0.86;0.82;0.02;63456
0.00;0.88;0.84;0.01;63502
0.00;0.85;0.82;0.01;63548
0.00;0.85;0.82;0.01;63594
0.00;0.83;0.82;0.02;63639
0.00;0.81;0.82;0.02;63685
0.00;0.84;0.82;0.00;63730
0.00;0.84;0.80;-0.00;63776
0.00;0.84;0.77;0.01;63821
0.00;0.85;0.77;0.01;63867
0.00;0.85;0.79;0.02;63912
0.00;0.86;0.77;0.01;63958
0.00;0.85;0.77;0.02;64003
0.00;0.83;0.77;0.00;64049
0.00;0.84;0.77;0.01;64094
0.00;0.84;0.75;0.01;64140
0.00;0.84;0.77;0.00;64186
0.00;0.85;0.79;-0.00;64232
0.00;0.85;0.75;0.02;64280
0.00;0.87;0.77;0.00;64325
0.00;0.86;0.77;0.01;64371
0.00;0.87;0.77;0.00;64416
0.00;0.88;0.77;-0.00;64462
0.00;0.86;0.75;0.01;64507
0.00;0.87;0.75;0.01;64553
0.00;0.88;0.79;-0.00;64598
0.00;0.87;0.77;0.00;64644
0.00;0.85;0.77;0.01;64690
0.00;0.88;0.77;0.00;64735
0.00;0.88;0.80;-0.00;64781
0.00;0.87;0.77;0.00;64827
0.00;0.88;0.77;0.01;64873
0.00;0.89;0.79;-0.00;64918
0.00;0.87;0.77;0.00;64964
0.00;0.87;0.79;-0.00;65009
0.00;0.90;0.77;-0.00;65055
0.00;0.90;0.79;-0.00;65103
0.00;0.90;0.77;0.00;65149
0.00;0.89;0.79;-0.00;65194
0.00;0.90;0.79;-0.01;65240
0.00;0.90;0.79;0.00;65286
0.00;0.91;0.79;-0.00;65331
0.00;0.90;0.79;0.00;65377
0.00;0.91;0.79;-0.00;65422
0.00;0.91;0.79;-0.00;65469
0.00;0.92;0.79;-0.01;65515
0.00;0.91;0.79;-0.00;65560
0.00;0.92;0.79;-0.00;65606
0.00;0.91;0.79;-0.00;65652
0.00;0.90;0.79;0.00;65697
0.00;0.91;0.79;-0.00;65743
0.00;0.90;0.79;-0.00;65789
0.00;0.90;0.77;-0.00;65834
0.00;0.90;0.79;-0.00;65880
0.00;0.91;0.79;-0.00;65925
0.00;0.91;0.77;0.00;65974
0.00;0.91;0.79;0.00;66019
0.00;0.90;0.79;0.00;66066
0.00;0.91;0.79;0.00;66112
0.00;0.90;0.79;0.00;66157
0.00;0.91;0.79;-0.00;66203
0.00;0.91;0.79;0.00;66248
0.00;0.91;0.77;0.00;66294
0.00;0.90;0.79;0.00;66340
0.00;0.91;0.79;0.00;66385
0.00;0.91;0.79;0.00;66431
0.00;0.91;0.77;0.00;66477
0.00;0.91;0.77;0.00;66522
0.00;0.90;0.77;0.00;66568
0.00;0.90;0.77;0.00;66614
0.00;0.90;0.77;0.00;66659
0.00;0.89;0.77;0.00;66706
0.00;0.90;0.77;-0.00;66752
0.00;0.89;0.77;0.00;66797
0.00;0.90;0.79;-0.00;66846
0.00;0.91;0.77;0.00;66891
0.00;0.90;0.79;-0.00;66937
0.00;0.90;0.77;-0.00;66983
0.00;0.89;0.79;0.00;67028
0.00;0.91;0.79;0.00;67074
0.00;0.91;0.79;0.00;67120
0.00;0.91;0.79;-0.00;67166
0.00;0.90;0.79;0.00;67211
0.00;0.90;0.79;0.00;67258
0.00;0.90;0.79;0.00;67304
0.00;0.90;0.80;0.00;67349
0.00;0.90;0.77;0.00;67395
0.00;0.91;0.79;0.00;67441
0.00;0.90;0.79;0.00;67487
0.00;0.91;0.79;0.01;67540
0.00;0.92;0.79;-0.00;67585
0.00;0.91;0.77;0.01;67631
0.00;0.90;0.77;0.00;67678
0.00;0.91;0.77;-0.00;67724
0.00;0.91;0.79;-0.00;67770
0.00;0.90;0.77;-0.00;67815
0.00;0.90;0.75;0.00;67861
0.00;0.91;0.77;-0.00;67906
0.00;0.90;0.77;-0.00;67952
0.00;0.91;0.77;-0.00;67997
0.00;0.90;0.77;0.00;68042
0.00;0.92;0.77;-0.00;68088
0.00;0.90;0.77;-0.00;68133
0.00;0.91;0.77;-0.00;68179
0.00;0.91;0.79;0.00;68224
0.00;0.92;0.75;0.00;68270
0.00;0.90;0.79;0.01;68315
0.00;0.88;0.79;0.01;68360
0.00;0.92;0.80;0.00;68406
0.00;0.92;0.79;-0.03;68451
0.00;0.91;0.79;-0.03;68498
0.00;0.90;0.77;-0.01;68545
0.00;0.91;0.79;-0.01;68591
0.00;0.91;0.79;-0.03;68636
0.00;0.90;0.77;-0.01;68682
0.00;0.91;0.79;-0.01;68727
0.00;0.91;0.79;-0.01;68773
0.00;0.92;0.79;-0.03;68818
0.00;0.92;0.79;-0.01;68864
0.00;0.91;0.79;-0.01;68909
0.00;0.90;0.79;-0.01;68955
0.00;0.91;0.77;-0.01;69000
0.00;0.91;0.79;-0.03;69046
0.00;0.90;0.79;-0.01;69091
0.00;0.90;0.79;-0.01;69138
0.00;0.91;0.79;-0.03;69183
0.00;0.91;0.79;-0.00;69229
0.00;0.91;0.79;-0.01;69275
0.00;0.90;0.79;-0.00;69320
0.00;0.91;0.79;-0.03;69368
0.00;0.90;0.77;-0.00;69413
0.00;0.91;0.79;-0.01;69459
0.00;0.91;0.77;-0.00;69505
0.00;0.90;0.79;-0.00;69550
0.00;0.91;0.79;-0.01;69596
0.00;0.91;0.79;-0.01;69641
0.00;0.91;0.79;-0.01;69687
0.00;0.91;0.79;-0.01;69733
0.00;0.91;0.79;-0.01;69779
0.00;0.90;0.79;-0.01;69824
0.00;0.91;0.79;-0.03;69870
0.00;0.91;0.77;-0.00;69916
0.00;0.90;0.79;-0.01;69961
0.00;0.90;0.77;0.00;70007
0.00;0.92;0.75;-0.00;70052
0.00;0.91;0.77;-0.00;70098
0.00;0.91;0.79;-0.03;70143
0.00;0.91;0.79;-0.01;70189
0.00;0.91;0.79;-0.03;70237
0.00;0.92;0.77;-0.00;70283
0.00;0.91;0.77;-0.01;70328
0.00;0.90;0.79;-0.03;70375
0.00;0.90;0.77;-0.01;70420
0.00;0.88;0.80;-0.00;70466
0.00;0.91;0.79;-0.01;70511
0.00;0.93;0.79;-0.03;70557
0.00;0.91;0.82;-0.03;70603
0.00;0.94;0.85;0.08;70648
0.00;1.05;0.87;0.50;70694
0.00;1.35;0.64;0.63;70739
0.00;0.73;0.79;0.36;70785
0.00;0.55;0.57;-0.22;70831
0.00;0.91;0.88;-0.98;70876
0.00;1.04;1.03;-1.21;70922
0.00;0.70;0.92;-0.58;70968
0.00;0.72;0.57;0.16;71014
0.00;1.01;0.85;0.09;71062
0.00;0.93;0.84;0.30;71108
0.00;0.98;0.77;0.26;71154
0.00;0.99;0.84;0.14;71199
0.00;0.93;0.92;0.07;71245
0.00;0.92;0.80;0.03;71290
0.00;0.92;0.84;0.01;71336
0.00;0.93;0.88;-0.03;71382
0.00;0.91;0.87;0.15;71427
0.00;1.06;0.77;0.66;71473
0.00;1.23;0.82;0.73;71519
0.00;0.89;0.56;0.52;71564
0.00;0.66;0.84;-0.29;71611
0.00;0.75;0.88;-1.22;71657
0.00;1.50;1.61;-1.71;71702
0.00;0.52;0.80;-0.25;71748
0.00;0.92;0.51;0.19;71794
0.00;0.93;0.85;0.02;71840
0.00;0.89;0.80;0.26;71885
0.00;1.06;0.72;0.24;71933
0.00;0.85;0.87;0.18;71979
0.00;1.00;0.93;0.05;72025
0.00;1.02;0.77;0.12;72070
0.00;0.86;0.77;0.19;72116
0.00;0.91;0.88;0.25;72162
0.00;1.16;0.80;0.60;72208
0.00;1.17;0.64;0.62;72254
0.00;0.72;0.62;0.26;72300
0.00;0.59;1.00;-0.42;72345
0.00;0.93;1.08;-1.07;72391
0.00;1.24;1.44;-1.64;72437
0.00;0.80;0.80;-0.67;72483
0.00;1.08;0.56;0.33;72529
0.00;0.89;0.95;0.32;72574
0.00;0.90;0.87;0.46;72620
0.00;0.94;0.79;0.35;72666
0.00;0.95;0.97;0.07;72711
0.00;0.88;0.97;0.05;72757
0.00;0.93;0.88;0.01;72806
0.00;0.84;0.87;0.00;72852
0.00;0.86;0.85;0.04;72898
0.00;0.92;0.93;-0.00;72943
0.00;0.90;0.85;0.18;72989
0.00;0.99;0.70;0.70;73035
0.00;0.95;0.43;0.87;73081
0.00;0.70;0.44;0.71;73126
0.00;0.69;0.82;-0.18;73172
0.00;1.02;1.23;-1.94;73218
0.00;1.55;1.82;-1.94;73264
0.00;0.54;1.10;-0.10;73310
0.00;1.18;0.43;0.43;73362
0.00;0.82;0.56;0.17;73407
0.00;1.08;0.16;0.59;73453
0.00;0.97;0.72;0.26;73498
0.00;0.89;0.93;0.18;73543
0.00;1.15;0.82;0.12;73589
0.00;0.95;0.93;-0.08;73636
0.00;0.89;0.69;0.06;73682
0.00;1.01;0.88;-0.10;73727
0.00;0.89;0.85;-0.05;73773
0.00;0.88;0.75;0.00;73818
0.00;0.90;0.75;-0.08;73864
0.00;0.85;0.64;0.08;73909
0.00;0.82;0.62;0.09;73954
0.00;0.94;0.74;0.04;74001
0.00;0.90;0.82;-0.03;74046
0.00;0.88;0.77;0.05;74092
0.00;0.93;0.85;0.07;74137
0.00;1.00;0.90;0.00;74183
0.00;1.03;1.02;-0.09;74228
0.00;1.02;0.98;0.02;74273
0.00;1.10;1.07;0.00;74319
0.00;0.97;1.38;-0.18;74364
0.00;0.92;1.28;0.00;74410
0.00;0.84;1.29;0.05;74455
0.00;0.82;1.21;-0.11;74503
0.00;0.86;1.25;-0.16;74549
0.00;0.74;1.18;-0.06;74594
0.00;0.77;1.16;0.01;74641
0.00;0.78;1.21;0.02;74686
0.00;0.91;1.07;-0.00;74731
0.00;0.92;1.28;-0.12;74777
0.00;0.91;1.10;0.05;74822
0.00;0.93;1.15;-0.04;74868
0.00;0.93;1.18;-0.05;74914
0.00;0.98;0.87;0.07;74959
0.00;1.04;0.79;-0.00;75005
0.00;0.84;1.07;-0.25;75050
0.00;0.80;0.82;0.01;75096
0.00;0.87;0.98;-0.18;75141
0.00;0.77;1.05;-0.18;75187
0.00;0.69;1.05;0.04;75232
0.00;0.69;1.16;0.02;75278
0.00;0.79;1.31;-0.20;75324
0.00;0.85;1.20;-0.12;75372
0.00;0.84;1.05;0.01;75418
0.00;0.86;1.05;0.05;75463
0.00;0.89;1.18;-0.01;75509
0.00;0.97;1.18;-0.09;75554
0.00;1.04;1.15;-0.19;75600
0.00;1.01;1.23;-0.16;75645
0.00;1.03;1.11;-0.11;75691
0.00;1.09;1.34;-0.44;75737
0.00;0.85;1.34;-0.35;75782
0.00;0.87;1.16;-0.17;75828
0.00;0.85;1.34;-0.37;75873
0.00;0.82;1.29;-0.33;75920
0.00;0.72;1.11;-0.20;75966
0.00;0.68;1.16;-0.12;76011
0.00;0.74;1.29;-0.28;76057
0.00;0.74;1.21;-0.20;76103
0.00;0.82;1.26;-0.20;76148
0.00;0.84;1.33;-0.19;76196
0.00;0.84;1.28;-0.13;76242
0.00;0.87;1.31;-0.16;76287
0.00;0.89;1.21;-0.10;76333
0.00;0.94;1.15;-0.06;76379
0.00;0.98;1.15;-0.07;76424
0.00;0.97;1.20;-0.16;76470
0.00;0.86;1.13;-0.16;76517
0.00;0.85;1.03;-0.09;76562
0.00;0.81;1.10;-0.18;76608
0.00;0.84;0.95;-0.13;76654
0.00;0.83;1.00;-0.19;76699
0.00;0.86;1.03;-0.22;76745
0.00;0.87;1.02;-0.16;76791
0.00;0.88;1.05;-0.19;76836
0.00;0.90;1.03;-0.21;76882
0.00;0.90;1.07;-0.26;76928
0.00;0.86;1.00;-0.23;76973
0.00;0.87;1.02;-0.26;77021
0.00;0.87;1.02;-0.24;77067
0.00;0.88;0.97;-0.23;77114
0.00;0.90;1.02;-0.24;77159
0.00;0.93;0.97;-0.20;77205
0.00;0.93;0.95;-0.19;77251
0.00;0.93;1.00;-0.24;77296
0.00;0.88;0.93;-0.23;77342
0.00;0.84;0.92;-0.18;77388
0.00;0.82;0.95;-0.15;77435
0.00;0.81;0.97;-0.09;77480
0.00;0.83;1.07;-0.15;77526
0.00;0.90;1.11;-0.18;77572
0.00;0.90;1.07;-0.15;77617
0.00;0.88;1.08;-0.12;77663
0.00;0.84;1.08;-0.18;77709
0.00;0.85;1.15;-0.17;77756
0.00;0.87;1.16;-0.17;77801
0.00;0.90;1.15;-0.18;77847
0.00;0.90;1.11;-0.21;77895
0.00;0.86;1.03;-0.16;77941
0.00;0.86;1.00;-0.16;77987
0.00;0.89;0.98;-0.17;78033
0.00;0.92;0.97;-0.15;78078
0.00;0.92;0.98;-0.18;78124
0.00;0.89;0.98;-0.17;78170
0.00;0.88;0.97;-0.15;78216
0.00;0.87;0.98;-0.14;78261
0.00;0.88;0.98;-0.13;78307
0.00;0.88;1.03;-0.16;78354
0.00;0.86;1.08;-0.16;78400
0.00;0.87;1.10;-0.16;78446
0.00;0.89;1.08;-0.18;78491
0.00;0.88;1.05;-0.16;78537
0.00;0.88;1.02;-0.14;78583
0.00;0.89;1.00;-0.16;78629
0.00;0.89;0.98;-0.16;78675
0.00;0.88;0.98;-0.15;78723
0.00;0.87;0.98;-0.15;78769
0.00;0.88;1.00;-0.17;78815
0.00;0.88;1.02;-0.17;78861
0.00;0.87;1.03;-0.15;78908
0.00;0.88;1.03;-0.14;78953
0.00;0.89;1.08;-0.17;78999
0.00;0.89;1.07;-0.17;79045
0.00;0.89;1.05;-0.17;79091
0.00;0.89;1.03;-0.18;79137
0.00;0.88;0.98;-0.15;79188
0.00;0.85;1.00;-0.13;79234
0.00;0.86;1.02;-0.14;79279
0.00;0.89;1.08;-0.18;79325
0.00;0.90;1.08;-0.18;79370
0.00;0.88;1.08;-0.17;79416
0.00;0.88;1.07;-0.17;79463
0.00;0.87;1.00;-0.16;79508
0.00;0.89;0.98;-0.15;79556
0.00;0.86;0.98;-0.15;79601
0.00;0.85;1.02;-0.14;79647
0.00;0.85;1.05;-0.15;79692
0.00;0.88;1.10;-0.18;79738
0.00;0.89;1.07;-0.18;79783
0.00;0.89;1.02;-0.17;79829
0.00;0.86;1.02;-0.16;79874
0.00;0.85;0.97;-0.15;79920
0.00;0.86;0.97;-0.16;79965
0.00;0.88;0.97;-0.21;80011
0.00;0.89;0.92;-0.19;80056
0.00;0.91;0.88;-0.19;80103
0.00;0.91;0.85;-0.21;80148
0.00;0.91;0.79;-0.24;80194
0.00;0.90;0.75;-0.24;80240
0.00;0.95;0.62;-0.15;80285
0.00;0.97;0.67;-0.18;80331
0.00;0.94;0.65;-0.16;80378
0.00;0.91;0.67;-0.19;80424
0.00;0.87;0.82;-0.23;80470
0.00;0.89;0.84;-0.21;80515
0.00;0.88;0.92;-0.20;80561
0.00;0.91;0.95;-0.20;80606
0.00;0.87;0.97;-0.18;80652
0.00;0.82;0.97;-0.10;80698
0.00;0.77;0.95;-0.04;80744
0.00;0.78;0.97;-0.03;80789
0.00;0.81;0.95;0.04;80835
0.00;0.91;1.02;-0.10;80880
0.00;0.97;1.20;-0.32;80926
0.00;0.97;1.29;-0.31;80971
0.00;0.83;1.29;-0.24;81017
0.00;0.82;1.28;-0.21;81063
0.00;0.89;1.38;-0.32;81108
0.00;0.88;1.31;-0.31;81154
0.00;0.85;1.18;-0.22;81199
0.00;0.81;1.16;-0.20;81247
0.00;0.85;1.20;-0.29;81293
0.00;0.85;1.18;-0.32;81339
0.00;0.78;1.10;-0.24;81385
0.00;0.81;1.02;-0.19;81431
0.00;0.83;1.10;-0.33;81476
0.00;0.87;0.95;-0.20;81522
0.00;0.88;1.02;-0.27;81568
0.00;0.88;0.93;-0.13;81613
0.00;0.91;0.95;-0.08;81659
0.00;0.88;1.11;-0.14;81704
0.00;0.87;1.20;-0.15;81750
0.00;0.89;1.25;-0.17;81798
0.00;0.86;1.25;-0.23;81844
0.00;0.91;1.18;-0.22;81889
0.00;0.92;1.16;-0.21;81936
0.00;0.89;1.03;-0.15;81981
0.00;0.86;1.05;-0.03;82027
0.00;0.86;1.13;-0.13;82075
0.00;0.90;1.51;-0.32;82121
0.00;0.82;1.70;-0.28;82166
0.00;0.71;1.69;-0.11;82212
0.00;0.83;1.62;-0.11;82258
0.00;0.86;1.77;-0.18;82303
0.00;0.78;1.64;-0.09;82349
0.00;0.87;1.87;-0.29;82395
0.00;0.91;1.61;-0.13;82440
0.00;0.76;1.62;-0.07;82486
0.00;0.62;1.56;-0.00;82533
0.00;0.60;1.33;0.15;82578
0.00;0.66;1.20;0.20;82624
0.00;0.72;1.08;0.12;82670
0.00;0.92;1.15;0.04;82716
0.00;1.09;1.46;-0.04;82761
0.00;1.06;1.11;-0.29;82807
0.00;0.92;0.97;-0.29;82853
0.00;0.87;0.90;-0.44;82898
0.00;0.89;0.77;-0.51;82942
0.00;0.79;0.75;-0.49;82988
0.00;0.81;0.75;-0.38;83033
0.00;0.69;0.97;-0.46;83079
0.00;0.61;1.00;-0.40;83125
0.00;0.69;1.05;-0.37;83170
0.00;0.69;1.05;-0.48;83217
0.00;0.77;0.97;-0.45;83263
0.00;0.94;0.87;-0.44;83309
0.00;1.00;0.75;-0.55;83354
0.00;0.95;0.67;-0.43;83400
0.00;1.01;0.46;-0.29;83446
0.00;1.11;0.56;-0.52;83492
0.00;0.76;0.70;-0.21;83537
0.00;0.82;0.59;-0.05;83583
0.00;0.91;0.75;-0.20;83629
0.00;0.69;0.70;-0.27;83675
0.00;0.75;0.61;0.04;83720
0.00;0.69;0.52;0.13;83768
0.00;0.80;0.44;0.12;83815
0.00;0.88;0.26;0.15;83861
0.00;0.72;-0.36;-0.43;83907
0.00;0.72;0.11;0.19;83952
0.00;0.85;0.28;0.37;83998
0.00;0.88;0.28;0.27;84044
0.00;0.87;0.11;0.55;84090
0.00;0.78;0.33;0.38;84135
0.00;0.83;-0.05;0.23;84181
0.00;0.91;-0.08;0.31;84227
0.00;0.79;-0.16;0.35;84273
0.00;0.81;0.03;0.28;84318
0.00;0.67;0.08;0.17;84364
0.19;0.97;-0.09;0.61;38
0.19;1.02;-0.06;0.48;100
0.19;0.96;-0.01;0.55;152
0.23;1.07;-0.02;0.53;204
0.23;1.14;-0.03;0.50;255
0.23;1.13;0.03;0.33;309
0.23;1.10;0.16;0.31;361
0.23;1.02;0.09;0.46;412
0.23;0.92;0.09;0.46;464
0.23;0.88;0.07;0.51;516
0.23;0.85;0.09;0.50;567
0.23;0.89;0.07;0.70;618
0.23;0.87;0.10;0.68;670
0.25;0.93;0.13;0.58;722
0.26;0.98;0.09;0.66;773
0.26;1.02;0.08;0.58;825
0.26;1.05;0.12;0.51;876
0.26;1.08;0.10;0.53;928
0.26;1.17;-0.08;0.31;980
0.26;1.13;-0.04;0.24;1032
0.26;1.08;0.04;0.19;1083
0.26;0.96;0.01;0.23;1135
0.26;0.89;-0.02;0.50;1187
0.28;0.85;0.07;0.53;1239
0.30;0.81;0.11;0.50;1290
0.30;0.91;0.08;0.61;1344
0.30;0.93;0.10;0.66;1396
0.30;1.00;0.12;0.58;1448
0.30;1.07;0.12;0.58;1500
0.30;1.11;0.22;0.46;1551
0.30;1.11;0.11;0.80;1603
0.30;1.17;0.32;0.36;1655
0.30;1.04;0.16;0.70;1707
0.31;1.03;0.25;0.46;1758
0.35;0.91;0.19;0.43;1810
0.35;0.87;0.11;0.70;1861
0.35;0.84;0.12;0.75;1914
0.35;0.86;0.10;0.86;1965
0.35;0.95;0.12;0.68;2017
0.35;0.98;0.14;0.65;2069
0.35;1.04;0.08;0.81;2120
0.35;1.10;0.13;0.68;2173
0.35;1.10;0.03;0.81;2224
0.35;1.13;0.09;0.83;2276
0.38;1.05;0.09;0.50;2327
0.38;1.04;0.05;0.60;2382
0.38;1.06;0.07;0.33;2434
0.38;0.87;0.02;0.63;2485
0.38;0.84;0.06;0.75;2537
0.38;0.87;0.11;0.58;2588
0.38;0.92;0.11;0.58;2641
0.38;0.97;0.04;0.71;2693
0.38;1.06;0.06;0.80;2744
0.38;1.12;0.04;0.71;2796
0.40;1.17;0.05;0.53;2847
0.40;1.04;0.13;0.76;2900
0.40;1.19;0.10;0.28;2951
0.40;1.13;0.01;0.43;3003
0.40;1.09;0.12;0.48;3055
0.40;0.93;0.10;0.36;3107
0.40;0.83;0.03;0.46;3159
0.40;0.79;0.01;0.65;3210
0.40;0.85;-0.01;0.68;3262
0.40;0.98;-0.01;0.66;3314
0.43;1.07;-0.03;0.61;3369
0.43;1.09;-0.03;0.61;3420
0.43;1.11;0.04;0.34;3472
0.43;1.09;-0.10;0.83;3524
0.43;1.25;-0.03;0.24;3576
0.43;1.21;-0.06;0.09;3628
0.43;0.98;-0.05;0.19;3680
0.43;0.99;-0.07;0.36;3731
0.43;0.84;-0.03;0.53;3783
0.43;0.78;0.01;0.56;3836
0.47;0.83;0.02;0.50;3887
0.47;0.88;0.00;0.60;3939
0.47;1.01;0.01;0.65;3990
0.47;1.05;-0.03;0.71;4042
0.47;1.13;0.05;0.53;4095
0.47;1.13;0.07;0.60;4147
0.47;1.21;0.15;0.38;4198
0.47;1.21;0.16;0.13;4250
0.47;1.05;0.13;0.23;4303
0.47;0.89;0.10;0.29;4354
0.47;0.81;0.08;0.43;4409
0.47;0.80;0.05;0.51;4460
0.47;0.84;0.09;0.53;4512
0.47;0.92;0.03;0.60;4565
0.47;0.96;0.03;0.56;4616
0.47;0.95;0.00;0.61;4668
0.47;0.97;0.07;0.51;4720
0.47;1.10;0.03;0.60;4772
0.47;1.10;-0.08;0.65;4824
0.47;1.17;-0.01;0.16;4876
0.50;1.17;-0.07;0.28;4928
0.50;0.96;0.00;0.36;4979
0.50;0.84;-0.04;0.53;5032
0.50;0.85;0.05;0.70;5084
0.50;0.87;0.07;0.45;5136
0.50;0.92;0.06;0.56;5187
0.50;1.03;0.07;0.65;5240
0.50;1.13;0.05;0.65;5292
0.50;1.20;0.07;0.68;5344
0.50;1.08;0.14;0.90;5398
0.47;1.26;0.15;0.43;5450
0.47;1.02;0.07;0.68;5502
0.47;0.93;0.12;0.68;5554
0.47;0.83;-0.06;0.66;5606
0.47;0.81;-0.04;0.71;5658
0.47;0.85;0.07;0.58;5711
0.47;0.97;-0.01;0.70;5762
0.47;1.10;0.14;0.50;5814
0.47;1.14;0.12;0.43;5866
0.47;1.06;0.09;0.51;5918
0.47;1.09;0.08;0.80;5971
0.47;1.27;-0.04;0.06;6022
0.47;1.10;0.05;0.23;6074
0.47;0.89;-0.01;0.50;6126
0.47;0.96;-0.06;0.36;6179
0.47;0.81;0.02;0.63;6231
0.47;0.81;0.02;0.73;6283
0.47;0.99;0.01;0.60;6334
0.47;1.08;0.10;0.41;6386
0.47;1.08;0.06;0.38;6441
0.64;1.07;0.08;0.55;6493
0.51;1.10;0.00;0.39;6545
0.51;1.01;0.14;0.31;6597
0.51;1.03;0.02;0.51;6650
0.51;0.95;0.08;0.33;6707
0.51;0.81;0.04;0.46;6759
0.51;0.81;0.07;0.55;6810
0.51;0.85;0.07;0.48;6863
0.51;1.00;-0.03;0.46;6914
0.51;0.77;-0.02;0.70;6966
0.61;0.74;-0.01;0.86;7017
0.48;0.97;0.00;0.85;7069
0.48;1.08;0.05;0.90;7121
0.48;1.24;0.08;0.61;7172
0.48;1.13;0.08;0.76;7224
0.48;1.14;0.08;0.65;7275
0.48;1.05;0.00;0.70;7327
0.48;0.91;0.02;0.78;7379
0.48;0.85;0.01;0.83;7433
0.48;0.90;0.05;0.68;7485
0.61;0.93;0.00;0.75;7536
0.50;0.94;0.00;0.75;7589
0.50;0.95;0.02;0.93;7640
0.50;1.12;0.00;0.78;7692
0.50;1.31;0.07;0.28;7743
0.50;0.94;0.06;0.91;7795
0.50;0.98;0.16;0.71;7847
0.50;0.97;0.12;0.86;7899
0.50;0.99;0.09;0.80;7950
0.50;0.94;0.05;0.83;8002
0.58;0.88;0.05;0.85;8053
0.45;1.07;0.08;0.81;8106
0.45;1.15;0.14;0.68;8157
0.45;1.06;0.12;0.93;8209
0.45;1.10;0.10;0.58;8260
0.45;0.96;0.09;0.70;8313
0.45;0.91;0.08;0.86;8364
0.45;0.96;0.08;0.75;8416
0.45;0.96;0.11;0.65;8470
0.45;0.92;0.11;0.78;8521
0.44;0.96;0.11;0.80;8574
0.41;1.05;0.07;0.66;8625
0.41;1.01;0.11;0.81;8677
0.41;1.13;0.15;0.46;8728
0.41;0.93;0.10;0.70;8781
0.41;0.91;0.10;0.80;8833
0.41;0.93;0.16;0.70;8884
0.41;0.97;0.10;0.80;8936
0.41;0.97;0.17;0.73;8987
0.41;0.99;0.11;0.98;9040
0.41;1.13;0.17;0.55;9091
0.39;1.09;0.10;0.73;9143
0.39;1.03;0.11;0.73;9195
0.39;0.95;0.02;0.88;9246
0.39;1.00;0.12;0.65;9299
0.39;0.93;0.13;0.70;9350
0.39;0.94;0.13;0.68;9402
0.39;0.91;0.16;0.71;9453
0.39;0.99;0.10;0.80;9503
0.39;1.14;0.19;0.60;9556
0.39;1.02;0.16;0.71;9607
0.31;0.98;0.12;0.80;9659
0.31;1.02;0.17;0.80;9711
0.31;1.04;0.22;0.68;9763
0.31;1.00;0.16;0.85;9815
0.31;0.91;0.07;0.93;9866
0.31;0.98;0.20;0.75;9918
0.31;1.01;0.16;0.97;9970
0.31;1.11;0.18;0.85;10022
0.31;1.12;0.13;0.83;10074
0.31;1.05;0.01;0.97;10126
0.23;0.95;0.07;0.91;10178
0.23;0.92;0.12;0.86;10229
0.23;1.06;0.16;0.60;10282
0.23;1.08;0.08;0.53;10334
0.23;0.89;0.16;0.76;10386
0.23;0.92;0.08;1.00;10437
0.23;1.07;0.15;0.95;10492
0.23;1.18;0.22;0.61;10544
0.23;1.17;0.22;0.53;10596
0.23;1.05;0.17;0.66;10648
0.17;1.07;0.15;0.60;10701
0.17;1.13;0.13;0.53;10752
0.17;1.09;0.14;0.46;10804
0.17;0.91;0.20;0.78;10856
0.17;0.92;0.22;0.34;10908
0.17;0.98;0.02;0.63;10961
0.17;0.94;0.00;0.80;11012
0.17;0.86;0.07;0.98;11064
0.17;0.87;0.17;0.83;11116
0.17;0.95;0.22;0.61;11168
0.11;0.98;0.10;0.60;11220
0.11;0.92;0.00;0.70;11272
0.11;0.81;0.10;0.71;11324
0.11;0.78;0.10;1.02;11376
0.11;0.90;0.14;0.85;11429
0.11;1.19;0.10;0.53;11483
0.11;1.03;0.09;1.02;11535
0.11;1.13;0.17;0.91;11587
0.11;1.25;0.20;0.65;11639
0.11;1.16;0.20;0.78;11691
0.02;1.01;0.18;0.91;11743
0.02;0.89;0.15;0.91;11795
0.02;0.93;0.15;0.76;11847
0.02;1.02;0.16;0.75;11900
0.02;1.13;0.14;0.73;11952
0.02;1.11;0.13;0.65;12003
0.02;1.13;0.16;0.66;12055
0.02;1.05;0.08;0.88;12108
0.02;1.03;0.07;0.85;12160
0.02;0.92;0.08;0.88;12212
-0.07;0.94;0.15;0.85;12264
-0.07;1.08;0.16;0.66;12316
-0.07;1.13;0.16;0.61;12368
-0.07;1.13;0.06;0.70;12420
-0.07;1.00;0.26;0.56;12475
-0.07;0.96;0.10;0.98;12527
-0.07;1.05;0.19;0.43;12580
-0.07;0.99;0.05;0.50;12632
-0.07;0.81;-0.01;0.68;12684
-0.07;0.79;-0.04;0.76;12735
-0.12;0.89;-0.06;0.65;12787
-0.12;0.95;0.04;0.45;12840
-0.12;0.74;-0.08;0.91;12892
-0.12;0.83;-0.02;0.95;12944
-0.12;0.98;0.03;0.71;12996
-0.12;0.94;0.09;0.85;13049
-0.12;1.10;0.12;0.65;13101
-0.12;0.99;0.09;0.97;13153
-0.12;1.39;0.13;0.11;13213
-0.12;1.07;-0.04;0.70;13265
-0.20;0.91;-0.05;0.91;13317
-0.20;0.94;0.02;0.73;13369
-0.20;1.00;0.05;0.63;13423
-0.20;1.04;0.07;0.45;13475
-0.20;0.92;0.07;0.80;13527
-0.20;1.01;0.12;0.63;13578
-0.20;1.11;0.05;0.43;13630
-0.20;1.14;0.13;0.39;13681
-0.20;1.03;0.08;0.60;13734
-0.20;0.91;0.09;0.75;13786
-0.31;0.91;0.13;0.65;13837
-0.31;1.04;0.11;0.39;13889
-0.31;0.90;0.04;0.61;13940
-0.31;0.83;0.01;0.71;13993
-0.31;0.84;0.09;0.70;14045
-0.31;0.90;0.12;0.88;14096
-0.31;1.13;0.19;0.68;14148
-0.31;1.24;0.19;0.43;14200
-0.31;1.24;0.04;0.66;14252
-0.31;1.12;0.03;0.50;14304
-0.38;0.80;0.04;0.75;14358
-0.38;0.79;0.05;0.76;14409
-0.38;0.95;0.00;0.76;14462
-0.38;1.08;-0.02;0.58;14513
-0.38;1.04;-0.04;0.75;14565
-0.38;1.04;-0.06;0.65;14617
-0.38;1.05;-0.01;0.65;14669
-0.38;1.12;0.00;0.51;14721
-0.38;1.04;-0.05;0.53;14773
-0.38;0.87;-0.02;0.76;14824
-0.47;0.96;0.03;0.65;14876
-0.48;1.01;0.07;0.65;14929
-0.48;0.99;0.07;0.75;14981
-0.48;0.95;0.11;0.76;15032
-0.48;0.99;0.13;0.68;15084
-0.48;1.06;0.17;0.70;15136
-0.48;1.14;0.08;0.39;15188
-0.48;1.11;0.18;0.34;15240
-0.48;0.95;0.09;0.71;15294
-0.48;1.07;0.00;0.45;15346
-0.58;0.95;-0.04;0.73;15398
-0.60;0.97;-0.01;0.66;15450
-0.60;1.02;-0.02;0.51;15502
-0.60;0.96;-0.01;0.53;15553
-0.60;1.00;-0.06;0.56;15605
-0.60;1.05;-0.09;0.46;15658
-0.60;0.89;-0.05;0.66;15710
-0.60;0.96;0.03;0.78;15761
-0.60;1.17;-0.08;0.29;15813
-0.60;0.94;0.02;0.58;15866
-0.66;0.90;0.00;0.85;15917
-0.69;1.05;0.02;0.58;15969
-0.69;1.12;-0.04;0.38;16021
-0.69;0.96;-0.06;0.58;16072
-0.69;0.83;-0.05;0.83;16125
-0.69;0.98;0.08;0.73;16177
-0.69;1.11;0.07;0.43;16231
-0.69;1.16;0.07;0.50;16283
-0.69;1.12;-0.10;0.58;16335
-0.69;1.00;-0.15;0.76;16387
-0.75;0.92;-0.05;0.56;16439
-0.80;0.88;-0.03;0.55;16491
-0.80;0.88;-0.04;0.53;16543
-0.80;0.83;0.05;0.76;16595
-0.80;0.98;0.05;0.76;16647
-0.80;1.12;0.00;0.60;16699
-0.80;1.16;0.00;0.46;16750
-0.80;0.96;-0.02;0.83;16803
-0.80;0.99;0.07;0.60;16855
-0.80;1.01;0.01;0.58;16907
-0.82;0.83;0.02;0.68;16958
-0.94;0.88;0.08;1.00;17010
-0.94;1.05;0.16;0.66;17063
-0.94;1.25;0.12;0.34;17115
-0.94;1.14;0.06;0.21;17169
-0.94;0.96;-0.13;0.80;17221
-0.94;0.94;0.00;0.56;17274
-0.94;0.94;0.00;0.60;17325
-0.94;1.01;0.05;0.51;17377
-0.94;1.00;0.06;0.39;17429
-0.97;1.06;0.08;0.34;17481
-1.06;1.20;0.10;0.04;17533
-1.06;1.00;-0.05;0.61;17585
-1.06;0.97;0.03;0.55;17637
-1.06;0.93;0.02;0.66;17689
-1.06;0.98;0.09;0.61;17742
-1.06;1.03;0.06;0.60;17793
-1.06;0.94;0.15;0.71;17845
-1.06;1.02;0.16;0.66;17897
-1.06;1.20;0.06;0.29;17949
-1.06;1.10;0.11;0.24;18002
-1.19;0.86;-0.03;0.85;18054
-1.19;0.96;-0.03;0.66;18108
-1.19;0.90;0.03;0.71;18160
-1.19;0.99;0.08;0.58;18213
-1.19;1.09;0.11;0.34;18264
-1.19;1.05;0.09;0.46;18316
-1.19;1.04;0.15;0.53;18368
-1.19;1.23;0.10;0.34;18420
-1.19;1.24;0.18;0.18;18473
-1.21;1.04;0.06;0.65;18525
-1.31;1.00;0.14;0.65;18577
-1.31;1.08;0.15;0.56;18629
-1.31;1.21;0.15;0.29;18681
-1.31;1.10;0.13;0.43;18733
-1.31;0.95;0.07;0.63;18785
-1.31;0.97;0.13;0.29;18837
-1.31;0.93;0.01;0.46;18889
-1.31;0.95;0.00;0.45;18942
-1.31;0.95;-0.03;0.63;18994
-1.32;0.92;-0.01;0.68;19048
-1.43;0.88;0.06;0.68;19100
-1.43;0.87;0.16;0.61;19153
-1.43;0.92;0.18;0.48;19205
-1.43;0.93;0.14;0.46;19257
-1.43;0.93;0.10;0.45;19309
-1.43;0.91;0.03;0.60;19362
-1.43;0.98;0.02;0.71;19414
-1.43;1.08;0.06;0.68;19466
-1.43;1.09;0.06;0.55;19518
-1.43;0.99;0.01;0.75;19569
-1.59;0.97;0.02;0.81;19622
-1.59;1.05;0.04;0.70;19674
-1.59;1.08;0.02;0.80;19726
-1.59;1.10;0.05;0.75;19778
-1.59;0.96;0.08;0.93;19836
-1.59;1.02;0.13;0.85;19888
-1.59;1.12;0.13;0.55;19940
-1.59;1.19;0.08;0.29;19991
-1.59;1.14;0.12;0.16;20046
-1.59;0.94;-0.06;0.83;20098
-1.69;0.93;-0.07;0.91;20149
-1.69;0.94;-0.06;0.80;20201
-1.69;1.04;-0.06;0.73;20252
-1.69;1.17;-0.04;0.53;20305
-1.69;1.21;-0.01;0.29;20357
-1.69;0.99;0.05;0.86;20408
-1.69;1.07;0.18;0.65;20460
-1.69;1.08;0.07;0.86;20512
-1.69;1.19;0.20;0.38;20564
-1.69;1.03;0.02;0.48;20616
-1.83;0.76;-0.04;0.76;20668
-1.83;0.76;-0.03;0.81;20719
-1.83;0.91;-0.09;0.78;20772
-1.83;1.13;-0.06;0.55;20824
-1.83;1.07;-0.04;0.65;20875
-1.83;1.04;-0.04;0.80;20927
-1.83;1.10;-0.03;0.91;20981
-1.83;1.26;-0.07;0.28;21034
-1.83;1.05;-0.14;0.61;21085
-1.83;0.89;-0.05;0.51;21137
-1.92;0.81;-0.12;0.73;21189
-1.92;0.78;-0.07;0.85;21241
-1.92;0.79;0.01;0.78;21293
-1.92;0.86;0.06;0.73;21345
-1.92;0.98;0.04;0.66;21396
-1.92;1.02;0.03;0.55;21448
-1.92;0.93;-0.05;0.71;21501
-1.92;0.87;-0.02;0.71;21553
-1.92;0.87;0.00;0.90;21604
-1.92;1.17;-0.12;0.55;21656
-2.05;1.20;0.00;0.14;21709
-2.05;0.98;-0.14;0.70;21760
-2.05;0.89;-0.08;0.86;21812
-2.05;0.93;-0.01;0.70;21866
-2.05;0.97;-0.02;0.65;21918
-2.05;0.95;0.03;0.50;21970
-2.05;0.89;0.03;0.91;22022
-2.05;1.02;0.07;0.83;22074
-2.05;1.29;0.06;0.33;22125
-2.05;1.11;-0.03;0.63;22178
-2.19;0.99;-0.20;1.07;22230
-2.19;0.98;-0.04;0.66;22282
-2.19;0.95;-0.07;0.70;22333
-2.19;0.89;-0.03;0.58;22385
-2.19;0.83;0.02;0.83;22438
-2.19;1.03;-0.04;0.60;22489
-2.19;1.20;0.04;0.41;22541
-2.19;1.14;-0.07;0.50;22593
-2.19;1.01;-0.05;0.75;22645
-2.19;1.01;-0.06;0.83;22697
-2.27;1.04;-0.03;0.66;22749
-2.27;0.93;0.03;0.75;22803
-2.27;0.83;0.12;0.97;22855
-2.27;0.98;0.18;0.80;22908
-2.27;1.08;0.15;0.65;22959
-2.27;1.14;0.09;0.75;23011
-2.27;1.18;-0.02;0.70;23063
-2.27;1.10;-0.05;0.61;23116
-2.27;1.00;-0.13;0.83;23167
-2.27;1.00;-0.11;0.80;23219
-2.41;0.96;-0.11;0.76;23271
-2.41;0.92;-0.08;0.78;23323
-2.41;0.85;-0.12;0.95;23376
-2.41;0.87;-0.03;0.80;23427
-2.41;0.89;-0.05;0.98;23479
-2.41;1.06;0.02;0.61;23531
-2.41;1.08;-0.02;0.71;23583
-2.41;0.99;-0.04;0.97;23636
-2.41;1.06;-0.02;0.83;23687
-2.41;1.03;-0.01;0.80;23742
-2.53;1.00;0.03;0.68;23794
-2.53;0.95;0.05;0.68;23846
-2.53;0.99;0.06;0.71;23898
-2.53;1.15;0.00;0.60;23950
-2.53;1.08;-0.02;0.61;24002
-2.53;1.03;-0.03;0.75;24055
-2.53;1.07;-0.06;0.68;24107
-2.53;1.08;-0.11;0.60;24158
-2.53;0.86;-0.12;0.93;24210
-2.53;0.84;0.04;0.73;24264
-2.66;0.95;0.01;0.51;24317
-2.66;0.93;-0.02;0.53;24369
-2.66;0.83;0.02;0.90;24421
-2.66;1.01;0.11;0.78;24473
-2.66;1.37;0.09;0.48;24526
-2.66;1.28;0.04;0.58;24578
-2.66;0.95;0.06;1.05;24629
-2.66;0.96;0.11;1.12;24684
-2.66;1.12;0.15;0.78;24736
-2.66;1.13;0.16;0.53;24789
-2.82;0.92;0.12;0.75;24841
-2.82;0.95;0.15;0.58;24893
-2.82;1.10;0.08;0.36;24945
-2.82;1.19;0.04;0.28;24998
-2.82;1.13;-0.09;0.50;25050
-2.82;1.09;-0.10;0.68;25102
-2.82;0.97;-0.10;0.65;25154
-2.82;0.85;-0.05;0.80;25207
-2.82;0.90;0.07;0.71;25259
-2.82;0.99;0.11;0.65;25311
-2.94;1.06;0.14;0.38;25363
-2.94;1.13;0.11;0.38;25415
-2.94;1.16;0.05;0.45;25468
-2.94;0.99;-0.01;0.76;25520
-2.94;1.03;0.05;0.60;25572
-2.94;1.09;-0.01;0.56;25634
-2.94;0.97;-0.01;0.73;25686
-2.94;0.85;-0.04;0.86;25738
-2.94;0.93;0.05;0.90;25790
-2.94;1.03;0.10;0.80;25842
-3.08;1.04;0.11;0.98;25895
-3.08;1.12;0.12;0.85;25947
-3.08;1.10;0.09;0.86;25999
-3.08;0.98;0.11;0.91;26051
-3.08;0.95;0.12;0.86;26104
-3.08;0.96;0.13;0.80;26156
-3.08;0.96;0.11;0.83;26208
-3.08;0.93;0.08;0.88;26260
-3.08;0.41;0.36;1.08;26312
-3.08;1.27;-0.15;0.56;26364
-3.23;1.00;0.02;0.95;26422
-3.23;0.94;0.02;0.70;26474
-3.23;0.97;-0.08;0.85;26525
-3.23;0.96;0.00;0.91;26580
-3.23;3.13;0.01;-0.06;26632
-3.23;1.12;-0.17;0.80;26684
-3.23;1.03;0.07;0.63;26735
-3.23;0.98;0.05;0.66;26788
-3.23;0.88;0.15;0.70;26839
-3.23;0.90;0.08;0.70;26891
-3.35;0.91;0.05;0.73;26943
-3.35;1.98;1.07;-1.12;26994
-3.35;1.01;-0.16;0.56;27047
-3.35;0.74;0.23;0.39;27099
-3.35;0.91;-0.02;0.66;27150
-3.35;1.00;-0.05;0.71;27202
-3.35;1.01;-0.02;0.66;27255
-3.35;1.02;-0.06;0.76;27306
-3.35;1.02;-0.03;0.73;27358
-3.35;1.01;-0.01;0.68;27410
-3.45;1.00;0.06;0.68;27461
-3.45;0.99;0.13;0.63;27516
-3.45;0.98;0.18;0.58;27568
-3.45;1.00;0.22;0.55;27620
-3.45;1.00;0.25;0.60;27671
-3.45;1.05;0.22;0.61;27724
-3.45;1.10;0.17;0.58;27776
-3.45;1.06;0.13;0.53;27828
-3.45;1.08;-0.01;0.61;27879
-3.45;1.05;-0.05;0.66;27931
-3.53;0.98;-0.07;0.65;27984
-3.53;1.06;-0.10;0.66;28035
-3.53;0.98;-0.09;0.58;28087
-3.53;0.99;-0.05;0.60;28139
-3.53;0.89;0.01;0.68;28191
-3.53;0.95;0.00;0.50;28243
-3.53;1.00;-0.07;0.65;28295
-3.53;0.98;-0.05;0.76;28347
-3.53;0.99;-0.07;0.80;28398
-3.53;1.11;-0.04;0.71;28453
-3.63;1.22;0.02;0.68;28505
-3.63;1.25;0.08;0.68;28557
-3.63;1.23;0.08;0.80;28609
-3.63;1.18;0.09;0.88;28660
-3.63;1.30;0.09;0.26;28713
-3.63;1.02;0.07;0.46;28765
-3.63;0.95;0.05;0.53;28817
-3.63;0.81;0.07;0.48;28868
-3.63;0.77;0.05;0.53;28921
-3.63;0.78;0.10;0.50;28973
-3.68;0.80;0.06;0.71;29024
-3.69;0.89;0.04;0.73;29076
-3.69;1.04;0.06;0.61;29128
-3.69;1.19;0.09;0.58;29181
-3.69;1.28;0.02;0.53;29232
-3.69;1.22;-0.09;0.53;29284
-3.69;1.22;-0.14;0.34;29336
-3.69;0.87;-0.16;0.60;29391
-3.69;0.75;-0.25;0.63;29443
-3.69;0.90;-0.05;0.28;29495
-3.78;0.81;-0.02;0.63;29547
-3.79;0.85;0.01;0.65;29598
-3.79;1.07;0.09;0.61;29651
-3.79;1.25;0.09;0.48;29703
-3.79;1.30;0.01;0.51;29755
-3.79;1.08;0.17;0.65;29807
-3.79;1.08;0.20;0.50;29859
-3.79;1.07;0.20;0.38;29911
-3.79;0.90;0.19;0.46;29963
-3.79;0.88;0.10;0.48;30015
-3.83;0.87;0.03;0.48;30066
-3.85;0.89;0.03;0.45;30119
-3.85;0.92;0.03;0.55;30171
-3.85;1.01;0.04;0.60;30223
-3.85;1.16;0.06;0.45;30275
-3.85;1.22;-0.02;0.31;30327
-3.85;1.09;-0.08;0.45;30382
-3.85;1.03;-0.13;0.53;30434
-3.85;1.03;-0.11;0.24;30486
-3.85;0.84;-0.17;0.36;30537
-3.89;0.80;-0.21;0.53;30590
-3.91;0.79;-0.15;0.55;30642
-3.91;0.81;-0.07;0.58;30694
-3.91;0.93;0.03;0.51;30746
-3.91;1.11;0.06;0.50;30799
-3.91;1.30;0.08;0.43;30851
-3.91;1.28;0.06;0.55;30903
-3.91;1.28;0.10;0.36;30955
-3.91;1.08;0.20;0.31;31006
-3.91;1.00;0.20;0.36;31059
-3.92;0.98;0.16;0.29;31111
-3.93;0.90;0.03;0.33;31163
-3.93;0.86;0.03;0.33;31215
-3.93;0.83;-0.04;0.48;31268
-3.93;0.85;-0.03;0.58;31322
-3.93;1.05;-0.09;0.45;31374
-3.93;1.20;-0.06;0.16;31426
-3.93;1.01;-0.21;0.41;31479
-3.93;0.96;-0.19;0.50;31531
-3.93;1.19;-0.17;-0.03;31583
-3.97;1.00;-0.13;0.16;31635
-3.99;0.87;-0.12;0.31;31687
-3.99;0.75;-0.09;0.45;31740
-3.99;0.77;0.00;0.48;31792
-3.99;1.02;0.01;0.53;31843
-3.99;1.30;-0.02;0.33;31895
-3.99;1.27;0.02;0.45;31948
-3.99;1.08;0.19;0.58;32000
-3.99;1.12;0.23;0.28;32052
-3.99;1.03;0.22;0.26;32104
-3.99;0.98;0.20;0.31;32156
-4.00;0.96;0.11;0.36;32211
-4.00;0.83;0.07;0.36;32263
-4.00;0.67;0.04;0.51;32315
-4.00;0.69;0.08;0.60;32367
-4.00;0.85;0.07;0.65;32420
-4.00;1.02;0.09;0.66;32472
-4.00;1.18;0.19;0.61;32531
-4.00;1.31;0.18;0.39;32583
-4.00;1.25;0.11;0.24;32635
-3.99;1.33;-0.12;0.13;32687
-3.98;1.08;-0.19;0.03;32739
-3.98;0.88;-0.23;0.21;32790
-3.98;0.87;-0.17;0.29;32842
-3.98;0.87;-0.17;0.48;32895
-3.98;0.88;-0.20;0.58;32946
-3.98;0.89;-0.19;0.48;32998
-3.98;0.80;-0.19;0.46;33049
-3.98;0.68;-0.17;0.55;33102
-3.98;0.66;-0.12;0.68;33156
-3.99;0.81;-0.11;0.83;33208
-3.99;1.02;-0.04;0.86;33259
-3.99;1.21;-0.05;0.75;33311
-3.99;1.22;0.00;0.58;33364
-3.99;1.16;0.01;0.63;33415
-3.99;1.28;0.11;0.56;33467
-3.99;1.48;-0.09;-0.01;33518
-3.99;1.19;-0.05;-0.06;33571
-3.99;0.93;-0.06;0.13;33623
-3.99;0.81;-0.11;0.33;33674
-4.00;0.81;-0.18;0.53;33726
-4.00;0.79;-0.05;0.51;33778
-4.00;0.83;-0.02;0.58;33830
-4.00;0.89;0.08;0.60;33882
-4.00;1.06;0.10;0.60;33934
-4.00;1.28;0.08;0.33;33985
-4.00;1.31;-0.11;0.41;34037
-4.00;1.16;-0.28;0.19;34092
-4.00;1.06;-0.22;-0.04;34144
-4.00;0.92;-0.25;-0.06;34195
-4.01;0.88;-0.25;0.03;34247
-4.01;0.92;-0.25;0.18;34300
-4.01;0.93;-0.23;0.31;34352
-4.01;0.83;-0.17;0.43;34403
-4.01;0.77;-0.09;0.46;34455
-4.01;0.83;0.00;0.41;34508
-4.01;0.92;0.02;0.55;34559
-4.01;1.08;0.06;0.60;34611
-4.01;1.25;0.05;0.58;34663
-4.01;1.28;0.09;0.60;34714
-4.01;1.33;-0.01;0.43;34767
-3.97;1.32;0.08;-0.18;34819
-3.97;1.11;-0.05;-0.01;34871
-3.97;0.91;0.00;0.19;34922
-3.97;0.81;0.02;0.34;34974
-3.97;0.83;0.05;0.38;35029
-3.97;0.83;0.05;0.58;35081
-3.97;0.88;0.06;0.65;35132
-3.97;0.88;0.09;0.70;35184
-3.97;0.96;0.13;0.68;35237
-3.97;1.16;0.15;0.50;35289
-3.98;1.33;0.10;0.16;35340
-3.98;1.20;-0.13;0.23;35392
-3.98;1.03;-0.17;0.16;35444
-3.98;0.96;-0.18;-0.11;35497
-3.98;0.98;-0.20;-0.06;35548
-3.98;0.90;-0.16;0.18;35600
-3.98;0.81;-0.16;0.38;35652
-3.98;0.78;-0.05;0.33;35705
-3.98;0.83;0.09;0.34;35757
-3.98;0.96;0.18;0.43;35808
-3.97;1.22;0.25;0.38;35860
-3.97;1.35;0.33;0.36;35912
-3.97;1.30;0.23;0.24;35967
-3.97;1.09;0.17;0.34;36019
-3.97;0.97;0.14;0.28;36071
-3.97;0.92;0.05;0.28;36122
-3.97;0.83;-0.01;0.43;36175
-3.97;0.76;-0.02;0.48;36227
-3.97;0.78;-0.02;0.56;36279
-3.97;0.97;-0.02;0.51;36331
-3.93;1.20;-0.02;0.23;36383
-3.93;1.21;-0.06;0.21;36435
-3.93;0.92;-0.21;0.66;36487
-3.93;1.13;-0.20;0.34;36539
-3.93;0.98;-0.11;0.21;36591
-3.93;0.78;-0.12;0.50;36644
-3.93;0.74;-0.04;0.55;36696
-3.93;0.83;0.03;0.50;36748
-3.93;1.10;0.10;0.36;36800
-3.93;1.35;0.10;0.24;36851
-3.89;1.36;0.06;0.34;36907
-3.89;1.09;0.20;0.45;36959
-3.89;1.07;0.20;0.28;37010
-3.89;1.01;0.13;0.31;37062
-3.89;0.93;0.02;0.36;37115
-3.89;0.84;-0.03;0.39;37167
-3.89;0.81;-0.01;0.43;37219
-3.89;0.86;-0.02;0.41;37271
-3.89;0.92;-0.03;0.45;37324
-3.89;1.15;-0.03;0.26;37376
-3.84;1.23;-0.06;0.09;37428
-3.84;0.99;-0.10;0.28;37479
-3.84;1.04;-0.14;0.29;37531
-3.84;1.07;-0.16;0.08;37584
-3.84;0.87;-0.16;0.26;37636
-3.84;0.76;-0.15;0.39;37688
-3.84;0.85;-0.04;0.41;37740
-3.84;0.94;0.06;0.33;37792
-3.84;1.05;0.07;0.38;37847
-3.84;1.18;0.07;0.31;37899
-3.77;1.34;0.03;0.33;37951
-3.77;1.19;0.10;0.33;38003
-3.77;1.13;0.13;0.19;38056
-3.77;0.97;0.30;-0.26;38108
-3.77;0.93;0.08;0.28;38160
-3.77;0.96;0.03;0.14;38212
-3.77;0.88;-0.03;0.24;38265
-3.77;0.88;-0.05;0.33;38317
-3.77;0.88;0.00;0.36;38369
-3.77;0.90;0.05;0.31;38421
-3.73;1.16;-0.04;0.16;38472
-3.73;1.14;-0.12;0.19;38525
-3.73;1.00;-0.15;0.38;38577
-3.73;1.05;-0.16;0.23;38629
-3.73;0.91;-0.11;0.24;38681
-3.73;0.81;-0.02;0.31;38734
-3.73;0.81;-0.04;0.41;38789
-3.73;0.81;0.02;0.43;38841
-3.73;0.90;0.11;0.36;38893
-3.73;1.07;0.12;0.38;38946
-3.64;1.20;0.17;0.18;38998
-3.64;1.32;0.10;0.23;39050
-3.64;1.14;0.22;0.23;39102
-3.64;1.08;0.22;0.09;39160
-3.64;0.95;0.17;0.19;39212
-3.64;0.89;0.15;0.08;39263
-3.64;0.81;0.07;0.21;39315
-3.64;0.83;0.10;0.13;39366
-3.64;0.83;0.09;0.18;39419
-3.64;0.93;0.08;0.18;39470
-3.59;1.02;0.07;0.11;39522
-3.59;1.11;0.02;-0.01;39574
-3.59;1.14;-0.11;0.03;39625
-3.59;1.17;-0.12;-0.04;39678
-3.59;1.04;-0.13;-0.04;39732
-3.59;0.86;-0.09;0.11;39784
-3.59;0.78;-0.07;0.33;39835
-3.59;0.81;-0.01;0.24;39888
-3.59;0.83;0.09;0.23;39940
-3.59;0.94;0.15;0.23;39991
-3.49;1.16;0.20;0.13;40043
-3.49;1.28;0.20;0.01;40095
-3.49;1.31;0.16;0.01;40147
-3.49;1.17;0.19;0.01;40199
-3.49;1.02;0.20;-0.13;40251
-3.49;0.97;0.17;-0.13;40302
-3.49;0.92;0.06;-0.01;40355
-3.49;0.81;-0.01;0.16;40407
-3.49;0.81;0.01;0.16;40458
-3.49;0.85;0.02;0.19;40510
-3.40;0.94;0.02;0.24;40561
-3.40;1.07;0.01;0.14;40614
-3.40;1.15;-0.13;-0.09;40668
-3.40;1.10;-0.18;0.08;40720
-3.40;1.02;-0.18;0.23;40772
-3.40;1.05;-0.18;-0.03;40824
-3.40;0.93;-0.18;0.18;40876
-3.40;0.83;-0.19;0.29;40928
-3.40;0.74;-0.05;0.43;40980
-3.40;0.79;-0.04;0.31;41031
-3.32;0.86;0.01;0.36;41084
-3.32;0.96;-0.02;0.48;41136
-3.32;1.19;-0.07;0.43;41187
-3.32;1.26;-0.08;0.26;41239
-3.32;1.24;-0.05;0.41;41292
-3.32;1.28;0.13;-0.08;41344
-3.32;1.22;0.01;-0.18;41395
-3.32;0.96;0.06;-0.01;41447
-3.32;0.83;-0.04;0.31;41499
-3.32;0.83;0.02;0.23;41554
-3.22;0.76;0.05;0.38;41606
-3.22;0.79;0.07;0.43;41657
-3.22;0.88;0.09;0.38;41709
-3.22;0.93;0.11;0.43;41762
-3.22;1.07;0.17;0.50;41814
-3.22;1.25;0.14;0.28;41865
-3.22;1.25;-0.03;0.11;41917
-3.22;1.15;-0.06;0.04;41969
-3.22;1.09;-0.13;-0.06;42022
-3.22;1.06;-0.20;-0.09;42074
-3.13;0.97;-0.20;0.19;42126
-3.13;0.81;-0.22;0.45;42177
-3.13;0.72;-0.11;0.36;42229
-3.13;0.69;-0.04;0.31;42282
-3.13;0.78;0.03;0.23;42334
-3.13;0.90;0.13;0.31;42386
-3.13;1.18;0.19;0.23;42437
-3.13;1.37;0.17;0.23;42493
-3.13;1.26;0.12;0.41;42544
-3.13;1.36;0.13;0.16;42596
-3.01;1.08;-0.11;-0.09;42648
-3.01;0.96;-0.06;-0.06;42701
-3.01;0.74;0.01;0.31;42753
-3.01;0.76;0.09;0.31;42804
-3.01;0.79;0.13;0.39;42856
-3.01;0.87;0.18;0.33;42908
-3.01;0.92;0.18;0.45;42961
-3.01;0.92;0.18;0.50;43013
-3.01;1.00;0.17;0.48;43064
-3.01;1.17;0.18;0.24;43116
-2.93;1.26;0.02;0.19;43168
-2.94;1.13;-0.15;0.29;43221
-2.94;1.17;-0.13;-0.04;43273
-2.94;1.03;-0.12;-0.04;43325
-2.94;0.92;-0.12;0.18;43376
-2.94;0.83;-0.05;0.23;43432
-2.94;0.74;-0.07;0.45;43484
-2.94;0.80;0.05;0.36;43535
-2.94;0.93;0.14;0.38;43587
-2.94;1.09;0.18;0.46;43640
-2.88;1.29;0.18;0.36;43692
-2.87;1.26;0.12;0.53;43744
-2.87;1.30;0.14;0.31;43795
-2.87;1.13;0.16;0.14;43847
-2.87;0.91;0.10;0.33;43900
-2.87;0.84;0.05;0.33;43952
-2.87;0.72;-0.01;0.39;44004
-2.87;0.71;-0.04;0.46;44056
-2.87;0.83;-0.01;0.50;44109
-2.87;1.06;-0.01;0.43;44161
-2.78;1.24;-0.03;0.16;44213
-2.75;1.24;-0.08;0.08;44265
-2.75;1.09;-0.22;0.31;44316
-2.75;0.99;-0.22;0.39;44372
-2.75;0.95;-0.21;0.16;44424
-2.75;0.84;-0.16;0.33;44476
-2.75;0.75;-0.10;0.45;44528
-2.75;0.78;-0.04;0.33;44581
-2.75;0.83;0.01;0.41;44633
-2.75;1.02;0.06;0.38;44685
-2.67;1.16;0.07;0.36;44736
-2.63;1.29;0.04;0.41;44788
-2.63;1.34;0.05;0.41;44841
-2.63;1.23;0.14;0.24;44893
-2.63;1.02;0.15;0.24;44945
-2.63;1.07;0.09;0.18;44997
-2.63;1.00;0.02;0.16;45050
-2.63;0.74;-0.01;0.34;45102
-2.63;0.65;0.01;0.41;45154
-2.63;0.77;0.00;0.39;45206
-2.58;1.02;-0.04;0.38;45258
-2.54;1.15;-0.04;0.34;45313
-2.54;1.23;-0.06;0.14;45365
-2.54;1.17;-0.15;0.24;45417
-2.54;1.07;-0.16;0.36;45469
-2.54;1.13;-0.16;0.06;45522
-2.54;0.90;-0.15;0.21;45574
-2.54;0.74;-0.12;0.43;45627
-2.54;0.69;-0.07;0.50;45679
-2.54;0.76;-0.02;0.50;45732
-2.45;0.97;0.04;0.43;45789
-2.44;1.26;0.08;0.21;45840
-2.44;1.39;-0.03;0.23;45892
-2.44;1.28;0.12;0.21;45945
-2.44;1.23;0.03;0.21;45996
-2.44;1.12;-0.01;0.16;46048
-2.44;0.88;0.00;0.24;46100
-2.44;0.78;-0.06;0.34;46151
-2.44;0.71;-0.08;0.41;46204
-2.44;0.73;-0.07;0.48;46258
-2.30;0.86;-0.04;0.48;46309
-2.29;1.02;0.02;0.46;46361
-2.29;1.23;-0.10;0.29;46414
-2.29;1.32;-0.17;0.09;46465
-2.29;1.06;-0.20;0.48;46517
-2.29;1.03;-0.18;0.34;46569
-2.29;0.90;-0.17;0.38;46620
-2.29;0.91;-0.17;0.45;46673
-2.29;0.81;-0.01;0.38;46725
-2.29;0.78;-0.02;0.48;46776
-2.21;0.85;0.06;0.36;46828
-2.19;0.90;0.02;0.46;46880
-2.19;1.12;0.00;0.39;46932
-2.19;1.15;-0.03;0.38;46984
-2.19;1.18;-0.11;0.55;47036
-2.19;1.29;-0.02;0.03;47088
-2.19;1.18;-0.02;0.08;47140
-2.19;1.07;0.02;0.09;47194
-2.19;0.88;-0.02;0.33;47246
-2.19;0.86;-0.03;0.45;47298
-2.10;0.81;0.03;0.45;47351
-2.04;0.86;0.03;0.41;47402
-2.04;0.90;0.03;0.39;47454
-2.04;0.97;-0.02;0.39;47506
-2.04;1.00;-0.06;0.43;47557
-2.04;1.02;-0.12;0.38;47610
-2.04;1.13;-0.09;0.26;47662
-2.04;0.91;-0.04;0.55;47714
-2.04;0.91;-0.06;0.65;47765
-2.04;1.00;-0.05;0.60;47817
-1.99;0.95;0.00;0.48;47870
-1.90;0.94;0.05;0.41;47921
-1.90;1.04;-0.07;0.41;47973
-1.90;0.98;-0.02;0.58;48025
-1.90;0.96;0.03;0.66;48078
-1.90;1.06;0.02;0.41;48132
-1.90;1.06;0.05;0.33;48183
-1.90;0.95;0.06;0.48;48235
-1.90;1.01;0.03;0.43;48287
-1.90;1.06;0.02;0.41;48340
-1.86;1.02;0.05;0.43;48391
-1.78;0.98;0.02;0.43;48443
-1.78;1.01;0.02;0.51;48495
-1.78;0.99;0.02;0.55;48548
-1.78;1.02;-0.02;0.71;48599
-1.78;1.20;0.37;2.16;48651
-1.78;0.89;0.06;0.63;48703
-1.78;1.13;-0.06;0.61;48755
-1.78;1.01;-0.06;0.91;48807
-1.78;1.01;-0.02;0.78;48859
-1.78;1.02;-0.02;0.76;48911
-1.69;1.05;-0.01;0.76;48963
-1.69;1.13;-0.73;2.19;49016
-1.69;0.64;0.08;0.36;49070
-1.69;0.93;-0.02;0.41;49122
-1.69;0.98;0.01;0.81;49174
-1.69;1.02;0.04;0.71;49225
-1.69;1.06;0.01;0.70;49278
-1.69;0.99;-0.13;0.88;49330
-1.69;1.48;0.04;0.11;49382
-1.69;1.25;-0.08;1.32;49434
-1.57;1.00;0.05;0.53;49487
-1.57;1.03;-0.06;0.68;49538
-1.57;1.04;0.02;0.61;49590
-1.57;1.03;-0.01;0.68;49642
-1.57;0.98;0.05;0.68;49694
-1.57;0.97;0.04;0.63;49747
-1.57;1.04;0.00;0.56;49799
-1.57;1.01;0.11;0.46;49851
-1.57;1.03;0.02;0.61;49902
-1.57;1.01;0.00;0.63;49955
-1.47;0.99;-0.01;0.68;50009
-1.47;0.98;-0.01;0.68;50061
-1.47;0.99;-0.03;0.66;50113
-1.47;1.01;-0.01;0.65;50165
-1.47;1.01;-0.05;0.68;50218
-1.47;0.98;-0.04;0.71;50270
-1.47;0.96;-0.07;0.78;50322
-1.47;1.02;-0.04;0.93;50374
-1.47;1.03;-0.05;0.91;50427
-1.47;1.00;-0.04;0.81;50478
-1.37;0.99;-0.05;0.85;50530
-1.37;1.01;-0.03;0.86;50582
-1.37;0.99;0.00;0.93;50634